{"repoSenseVersion":"37425888df","reportGeneratedTime":"Fri Sep 30 09:13:09 2022 UTC+08:00","reportGenerationTime":" 1.78 second(s)","zoneId":"UTC+08:00","reportTitle":"TIC4001 iP Code Dashboard","repos":[{"location":{"location":"https://github.com/roshankumar1991/ip.git","repoName":"ip","organization":"roshankumar1991","domainName":"github"},"branch":"master","displayName":"roshankumar1991/ip[master]","outputFolderName":"roshankumar1991_ip_master"},{"location":{"location":"https://github.com/badassengineer/ip.git","repoName":"ip","organization":"badassengineer","domainName":"github"},"branch":"master","displayName":"badassengineer/ip[master]","outputFolderName":"badassengineer_ip_master"}],"errorSet":[],"sinceDate":"2022-08-12","untilDate":"2022-09-30","isSinceDateProvided":true,"isUntilDateProvided":false,"supportedDomainUrlMap":{"NOT_RECOGNIZED":{"BRANCH":"","REPO_URL":"UNSUPPORTED","BASE_URL":"UNSUPPORTED","HISTORY_PATH":"","COMMIT_PATH":"","BLAME_PATH":""},"github":{"BRANCH":"tree/$BRANCH","REPO_URL":"https://github.com/$ORGANIZATION/$REPO_NAME/","BASE_URL":"https://github.com/","HISTORY_PATH":"commits/$BRANCH/$FILE_PATH","COMMIT_PATH":"commit/$COMMIT_HASH","BLAME_PATH":"blame/$BRANCH/$FILE_PATH"}}}
