{"repoSenseVersion":"fd8473c4a1","reportGeneratedTime":"Fri Aug 19 08:46:04 2022 UTC+08:00","reportGenerationTime":" 1.10 second(s)","zoneId":"UTC+08:00","reportTitle":"TIC4001 iP Code Dashboard","repos":[{"location":{"location":"https://github.com/roshankumar1991/ip.git","repoName":"ip","organization":"roshankumar1991","domainName":"github"},"branch":"master","displayName":"roshankumar1991/ip[master]","outputFolderName":"roshankumar1991_ip_master"}],"errorSet":[{"repoName":"e0373895/ip[master]","errorMessage":"Failed to clone from https://github.com/e0373895/ip.git"}],"sinceDate":"2022-08-12","untilDate":"2022-08-19","isSinceDateProvided":true,"isUntilDateProvided":false,"supportedDomainUrlMap":{"NOT_RECOGNIZED":{"BRANCH":"","REPO_URL":"UNSUPPORTED","BASE_URL":"UNSUPPORTED","HISTORY_PATH":"","COMMIT_PATH":"","BLAME_PATH":""},"github":{"BRANCH":"tree/$BRANCH","REPO_URL":"https://github.com/$ORGANIZATION/$REPO_NAME/","BASE_URL":"https://github.com/","HISTORY_PATH":"commits/$BRANCH/$FILE_PATH","COMMIT_PATH":"commit/$COMMIT_HASH","BLAME_PATH":"blame/$BRANCH/$FILE_PATH"}}}
