[{"path":"src/main/java/Duke.java","fileType":"java","lines":[{"lineNumber":1,"author":{"gitId":"roshankumar1991"},"content":"import java.util.Scanner;","lastModifiedDate":"2022-08-19"},{"lineNumber":2,"author":{"gitId":"roshankumar1991"},"content":"import java.util.Arrays;","lastModifiedDate":"2022-08-19"},{"lineNumber":3,"author":{"gitId":"-"},"content":"public class Duke {","lastModifiedDate":"2019-07-29"},{"lineNumber":4,"author":{"gitId":"roshankumar1991"},"content":"    public static int count \u003d 0;","lastModifiedDate":"2022-08-19"},{"lineNumber":5,"author":{"gitId":"roshankumar1991"},"content":"    public static int seq \u003d 1;","lastModifiedDate":"2022-08-19"},{"lineNumber":6,"author":{"gitId":"roshankumar1991"},"content":"    public static Task[] list \u003d new Task[100];","lastModifiedDate":"2022-08-19"},{"lineNumber":7,"author":{"gitId":"roshankumar1991"},"content":"","lastModifiedDate":"2022-08-19"},{"lineNumber":8,"author":{"gitId":"roshankumar1991"},"content":"    public static void echo() {","lastModifiedDate":"2022-08-19"},{"lineNumber":9,"author":{"gitId":"roshankumar1991"},"content":"        String line;","lastModifiedDate":"2022-08-19"},{"lineNumber":10,"author":{"gitId":"roshankumar1991"},"content":"        Scanner in \u003d new Scanner(System.in);","lastModifiedDate":"2022-08-19"},{"lineNumber":11,"author":{"gitId":"roshankumar1991"},"content":"        line \u003d in.nextLine();","lastModifiedDate":"2022-08-19"},{"lineNumber":12,"author":{"gitId":"roshankumar1991"},"content":"","lastModifiedDate":"2022-08-19"},{"lineNumber":13,"author":{"gitId":"roshankumar1991"},"content":"        if (line.equals(\"bye\")) {","lastModifiedDate":"2022-08-19"},{"lineNumber":14,"author":{"gitId":"roshankumar1991"},"content":"            System.out.println(\"Bye. Hope to see you again soon!\");","lastModifiedDate":"2022-08-19"},{"lineNumber":15,"author":{"gitId":"roshankumar1991"},"content":"        }","lastModifiedDate":"2022-08-19"},{"lineNumber":16,"author":{"gitId":"roshankumar1991"},"content":"        else if (line.equals(\"list\")) {","lastModifiedDate":"2022-08-19"},{"lineNumber":17,"author":{"gitId":"roshankumar1991"},"content":"                System.out.println(\"Here are the tasks in your list:\\n\");","lastModifiedDate":"2022-08-19"},{"lineNumber":18,"author":{"gitId":"roshankumar1991"},"content":"                Task[] print \u003d Arrays.copyOf(list,count);","lastModifiedDate":"2022-08-19"},{"lineNumber":19,"author":{"gitId":"roshankumar1991"},"content":"                for (Task p : print) {","lastModifiedDate":"2022-08-19"},{"lineNumber":20,"author":{"gitId":"roshankumar1991"},"content":"                    System.out.println(seq + \". \" + p);","lastModifiedDate":"2022-08-19"},{"lineNumber":21,"author":{"gitId":"roshankumar1991"},"content":"                    seq++;","lastModifiedDate":"2022-08-19"},{"lineNumber":22,"author":{"gitId":"roshankumar1991"},"content":"                }","lastModifiedDate":"2022-08-19"},{"lineNumber":23,"author":{"gitId":"roshankumar1991"},"content":"                System.out.println(\"\\n\");","lastModifiedDate":"2022-08-19"},{"lineNumber":24,"author":{"gitId":"roshankumar1991"},"content":"                seq \u003d 1;","lastModifiedDate":"2022-08-19"},{"lineNumber":25,"author":{"gitId":"roshankumar1991"},"content":"                echo();","lastModifiedDate":"2022-08-19"},{"lineNumber":26,"author":{"gitId":"roshankumar1991"},"content":"        }","lastModifiedDate":"2022-08-19"},{"lineNumber":27,"author":{"gitId":"roshankumar1991"},"content":"        else if (line.contains(\"unmark\")) {","lastModifiedDate":"2022-08-19"},{"lineNumber":28,"author":{"gitId":"roshankumar1991"},"content":"            String[] words \u003d line.split(\" \");","lastModifiedDate":"2022-08-19"},{"lineNumber":29,"author":{"gitId":"roshankumar1991"},"content":"            if (words.length \u003c 2) {","lastModifiedDate":"2022-08-19"},{"lineNumber":30,"author":{"gitId":"roshankumar1991"},"content":"                System.out.println(\"Error: Please enter which task is unmarked\\n\");","lastModifiedDate":"2022-08-19"},{"lineNumber":31,"author":{"gitId":"roshankumar1991"},"content":"                echo();","lastModifiedDate":"2022-08-19"},{"lineNumber":32,"author":{"gitId":"roshankumar1991"},"content":"            }","lastModifiedDate":"2022-08-19"},{"lineNumber":33,"author":{"gitId":"roshankumar1991"},"content":"            int n \u003d Integer.parseInt(words[1]);","lastModifiedDate":"2022-08-19"},{"lineNumber":34,"author":{"gitId":"roshankumar1991"},"content":"            if (n \u003e count) {","lastModifiedDate":"2022-08-19"},{"lineNumber":35,"author":{"gitId":"roshankumar1991"},"content":"                System.out.println(\"Error: Please enter a valid task number\\n\");","lastModifiedDate":"2022-08-19"},{"lineNumber":36,"author":{"gitId":"roshankumar1991"},"content":"                echo();","lastModifiedDate":"2022-08-19"},{"lineNumber":37,"author":{"gitId":"roshankumar1991"},"content":"            }","lastModifiedDate":"2022-08-19"},{"lineNumber":38,"author":{"gitId":"roshankumar1991"},"content":"            if (list[n-1].getStatusIcon().equals(\" \")) {","lastModifiedDate":"2022-08-19"},{"lineNumber":39,"author":{"gitId":"roshankumar1991"},"content":"                System.out.println(\"Error: Task has already been unmarked\");","lastModifiedDate":"2022-08-19"},{"lineNumber":40,"author":{"gitId":"roshankumar1991"},"content":"            }","lastModifiedDate":"2022-08-19"},{"lineNumber":41,"author":{"gitId":"roshankumar1991"},"content":"            else {","lastModifiedDate":"2022-08-19"},{"lineNumber":42,"author":{"gitId":"roshankumar1991"},"content":"                System.out.println(\"OK, I\u0027ve marked this task as not done yet:\");","lastModifiedDate":"2022-08-19"},{"lineNumber":43,"author":{"gitId":"roshankumar1991"},"content":"                list[n-1].setStatus(false);","lastModifiedDate":"2022-08-19"},{"lineNumber":44,"author":{"gitId":"roshankumar1991"},"content":"            }","lastModifiedDate":"2022-08-19"},{"lineNumber":45,"author":{"gitId":"roshankumar1991"},"content":"            System.out.println(list[n-1] + \"\\n\");","lastModifiedDate":"2022-08-19"},{"lineNumber":46,"author":{"gitId":"roshankumar1991"},"content":"            echo();","lastModifiedDate":"2022-08-19"},{"lineNumber":47,"author":{"gitId":"roshankumar1991"},"content":"        }","lastModifiedDate":"2022-08-19"},{"lineNumber":48,"author":{"gitId":"roshankumar1991"},"content":"        else if (line.contains(\"mark\")) {","lastModifiedDate":"2022-08-19"},{"lineNumber":49,"author":{"gitId":"roshankumar1991"},"content":"            String[] words \u003d line.split(\" \");","lastModifiedDate":"2022-08-19"},{"lineNumber":50,"author":{"gitId":"roshankumar1991"},"content":"            if (words.length \u003c 2) {","lastModifiedDate":"2022-08-19"},{"lineNumber":51,"author":{"gitId":"roshankumar1991"},"content":"                System.out.println(\"Error: Please enter which task is marked\\n\");","lastModifiedDate":"2022-08-19"},{"lineNumber":52,"author":{"gitId":"roshankumar1991"},"content":"                echo();","lastModifiedDate":"2022-08-19"},{"lineNumber":53,"author":{"gitId":"roshankumar1991"},"content":"            }","lastModifiedDate":"2022-08-19"},{"lineNumber":54,"author":{"gitId":"roshankumar1991"},"content":"            int n \u003d Integer.parseInt(words[1]);","lastModifiedDate":"2022-08-19"},{"lineNumber":55,"author":{"gitId":"roshankumar1991"},"content":"            if (n \u003e count) {","lastModifiedDate":"2022-08-19"},{"lineNumber":56,"author":{"gitId":"roshankumar1991"},"content":"                System.out.println(\"Error: Please enter a valid task number\\n\");","lastModifiedDate":"2022-08-19"},{"lineNumber":57,"author":{"gitId":"roshankumar1991"},"content":"                echo();","lastModifiedDate":"2022-08-19"},{"lineNumber":58,"author":{"gitId":"roshankumar1991"},"content":"            }","lastModifiedDate":"2022-08-19"},{"lineNumber":59,"author":{"gitId":"roshankumar1991"},"content":"            if (list[n-1].getStatusIcon().equals(\"X\")) {","lastModifiedDate":"2022-08-19"},{"lineNumber":60,"author":{"gitId":"roshankumar1991"},"content":"                System.out.println(\"Error: Task has already been marked\");","lastModifiedDate":"2022-08-19"},{"lineNumber":61,"author":{"gitId":"roshankumar1991"},"content":"            }","lastModifiedDate":"2022-08-19"},{"lineNumber":62,"author":{"gitId":"roshankumar1991"},"content":"            else {","lastModifiedDate":"2022-08-19"},{"lineNumber":63,"author":{"gitId":"roshankumar1991"},"content":"                System.out.println(\"Nice! I\u0027ve marked this task as done:\");","lastModifiedDate":"2022-08-19"},{"lineNumber":64,"author":{"gitId":"roshankumar1991"},"content":"                list[n-1].setStatus(true);","lastModifiedDate":"2022-08-19"},{"lineNumber":65,"author":{"gitId":"roshankumar1991"},"content":"            }","lastModifiedDate":"2022-08-19"},{"lineNumber":66,"author":{"gitId":"roshankumar1991"},"content":"            System.out.println(list[n-1] + \"\\n\");","lastModifiedDate":"2022-08-19"},{"lineNumber":67,"author":{"gitId":"roshankumar1991"},"content":"            echo();","lastModifiedDate":"2022-08-19"},{"lineNumber":68,"author":{"gitId":"roshankumar1991"},"content":"        }","lastModifiedDate":"2022-08-19"},{"lineNumber":69,"author":{"gitId":"roshankumar1991"},"content":"        else {","lastModifiedDate":"2022-08-19"},{"lineNumber":70,"author":{"gitId":"roshankumar1991"},"content":"            System.out.println(\"added: \" + line + \"\\n\");","lastModifiedDate":"2022-08-19"},{"lineNumber":71,"author":{"gitId":"roshankumar1991"},"content":"            list[count] \u003d new Task(line);","lastModifiedDate":"2022-08-19"},{"lineNumber":72,"author":{"gitId":"roshankumar1991"},"content":"            count++;","lastModifiedDate":"2022-08-19"},{"lineNumber":73,"author":{"gitId":"roshankumar1991"},"content":"            echo();","lastModifiedDate":"2022-08-19"},{"lineNumber":74,"author":{"gitId":"roshankumar1991"},"content":"        }","lastModifiedDate":"2022-08-19"},{"lineNumber":75,"author":{"gitId":"roshankumar1991"},"content":"    }","lastModifiedDate":"2022-08-19"},{"lineNumber":76,"author":{"gitId":"roshankumar1991"},"content":"","lastModifiedDate":"2022-08-19"},{"lineNumber":77,"author":{"gitId":"-"},"content":"    public static void main(String[] args) {","lastModifiedDate":"2019-07-29"},{"lineNumber":78,"author":{"gitId":"roshankumar1991"},"content":"        String greet \u003d \"Hello! I\u0027m Duke\\n\" + \"What can I do for you?\\n\";","lastModifiedDate":"2022-08-19"},{"lineNumber":79,"author":{"gitId":"roshankumar1991"},"content":"        System.out.println(greet);","lastModifiedDate":"2022-08-19"},{"lineNumber":80,"author":{"gitId":"roshankumar1991"},"content":"        echo();","lastModifiedDate":"2022-08-19"},{"lineNumber":81,"author":{"gitId":"-"},"content":"    }","lastModifiedDate":"2019-07-29"},{"lineNumber":82,"author":{"gitId":"-"},"content":"}","lastModifiedDate":"2019-07-29"}],"authorContributionMap":{"-":4,"roshankumar1991":78}},{"path":"src/main/java/Task.java","fileType":"java","lines":[{"lineNumber":1,"author":{"gitId":"roshankumar1991"},"content":"public class Task {","lastModifiedDate":"2022-08-19"},{"lineNumber":2,"author":{"gitId":"roshankumar1991"},"content":"    protected String description;","lastModifiedDate":"2022-08-19"},{"lineNumber":3,"author":{"gitId":"roshankumar1991"},"content":"    protected boolean isDone;","lastModifiedDate":"2022-08-19"},{"lineNumber":4,"author":{"gitId":"roshankumar1991"},"content":"","lastModifiedDate":"2022-08-19"},{"lineNumber":5,"author":{"gitId":"roshankumar1991"},"content":"    public Task(String description) {","lastModifiedDate":"2022-08-19"},{"lineNumber":6,"author":{"gitId":"roshankumar1991"},"content":"        this.description \u003d description;","lastModifiedDate":"2022-08-19"},{"lineNumber":7,"author":{"gitId":"roshankumar1991"},"content":"        this.isDone \u003d false;","lastModifiedDate":"2022-08-19"},{"lineNumber":8,"author":{"gitId":"roshankumar1991"},"content":"    }","lastModifiedDate":"2022-08-19"},{"lineNumber":9,"author":{"gitId":"roshankumar1991"},"content":"","lastModifiedDate":"2022-08-19"},{"lineNumber":10,"author":{"gitId":"roshankumar1991"},"content":"    public String getStatusIcon() {","lastModifiedDate":"2022-08-19"},{"lineNumber":11,"author":{"gitId":"roshankumar1991"},"content":"        return (isDone ? \"X\" : \" \"); //return tick or X symbols","lastModifiedDate":"2022-08-19"},{"lineNumber":12,"author":{"gitId":"roshankumar1991"},"content":"    }","lastModifiedDate":"2022-08-19"},{"lineNumber":13,"author":{"gitId":"roshankumar1991"},"content":"","lastModifiedDate":"2022-08-19"},{"lineNumber":14,"author":{"gitId":"roshankumar1991"},"content":"    public void setStatus(boolean isDone) {","lastModifiedDate":"2022-08-19"},{"lineNumber":15,"author":{"gitId":"roshankumar1991"},"content":"        this.isDone \u003d isDone;","lastModifiedDate":"2022-08-19"},{"lineNumber":16,"author":{"gitId":"roshankumar1991"},"content":"    }","lastModifiedDate":"2022-08-19"},{"lineNumber":17,"author":{"gitId":"roshankumar1991"},"content":"","lastModifiedDate":"2022-08-19"},{"lineNumber":18,"author":{"gitId":"roshankumar1991"},"content":"    public String toString() {","lastModifiedDate":"2022-08-19"},{"lineNumber":19,"author":{"gitId":"roshankumar1991"},"content":"        return \"[\" + getStatusIcon() + \"] \" + description;","lastModifiedDate":"2022-08-19"},{"lineNumber":20,"author":{"gitId":"roshankumar1991"},"content":"    }","lastModifiedDate":"2022-08-19"},{"lineNumber":21,"author":{"gitId":"roshankumar1991"},"content":"}","lastModifiedDate":"2022-08-19"}],"authorContributionMap":{"roshankumar1991":21}}]
