{"authorDailyContributionsMap":{"roshankumar1991":[{"date":"2022-08-19","commitResults":[{"hash":"0c23a4cc61ec1cc126eb9b8302381c2f4b6bbb37","messageTitle":"Level-0","messageBody":"","tags":["Level-0"],"fileTypesAndContributionMap":{"java":{"insertions":4,"deletions":6}}},{"hash":"830bb102ba8970b6d95deeccb06450c8196a9018","messageTitle":"Level-1","messageBody":"","tags":["Level-1"],"fileTypesAndContributionMap":{"java":{"insertions":18,"deletions":4}}},{"hash":"9055b6fcdb817046cc1dbaaaf5f33b271ad8933b","messageTitle":"Level-2","messageBody":"","tags":["Level-2"],"fileTypesAndContributionMap":{"java":{"insertions":18,"deletions":1}}},{"hash":"d896862488096c209b38f6a59685c6e0cf7be534","messageTitle":"Level-3","messageBody":"","tags":["Level-3"],"fileTypesAndContributionMap":{"java":{"insertions":72,"deletions":8}}},{"hash":"1cf57f3c50289628d2fece4e3570d0e23fdbef88","messageTitle":"Level-4","messageBody":"","tags":["Level-4"],"fileTypesAndContributionMap":{"java":{"insertions":84,"deletions":3}}}]},{"date":"2022-08-28","commitResults":[{"hash":"f492f91fc98c54c3e25cf9d5359c0ec9aea9439d","messageTitle":"A-CodingStandard","messageBody":"","tags":["A-CodingStandard"],"fileTypesAndContributionMap":{"java":{"insertions":8,"deletions":8}}},{"hash":"845ba9544854bd56b926eb208177e1a5b11ad475","messageTitle":"Level-5","messageBody":"","tags":["Level-5"],"fileTypesAndContributionMap":{"java":{"insertions":50,"deletions":30}}},{"hash":"38572d9c1b873c1e7cac3a3f75c553d75ee91880","messageTitle":"A-CodeQuality","messageBody":"","fileTypesAndContributionMap":{"java":{"insertions":1,"deletions":3}}}]}]},"authorFileTypeContributionMap":{"roshankumar1991":{"java":199,"md":0,"fxml":0,"sh":0,"bat":0,"gradle":0,"txt":0}},"authorContributionVariance":{"roshankumar1991":3033.8547},"authorDisplayNameMap":{"roshankumar1991":"TIC4001-F18-1 ROSH..UMAR"}}
