{"authorDailyContributionsMap":{"roshankumar1991":[{"date":"2022-08-19","commitResults":[{"hash":"0c23a4cc61ec1cc126eb9b8302381c2f4b6bbb37","messageTitle":"Level-0","messageBody":"","tags":["Level-0"],"fileTypesAndContributionMap":{"java":{"insertions":4,"deletions":6}}},{"hash":"830bb102ba8970b6d95deeccb06450c8196a9018","messageTitle":"Level-1","messageBody":"","tags":["Level-1"],"fileTypesAndContributionMap":{"java":{"insertions":18,"deletions":4}}},{"hash":"9055b6fcdb817046cc1dbaaaf5f33b271ad8933b","messageTitle":"Level-2","messageBody":"","tags":["Level-2"],"fileTypesAndContributionMap":{"java":{"insertions":18,"deletions":1}}},{"hash":"d896862488096c209b38f6a59685c6e0cf7be534","messageTitle":"Level-3","messageBody":"","tags":["Level-3"],"fileTypesAndContributionMap":{"java":{"insertions":72,"deletions":8}}},{"hash":"1cf57f3c50289628d2fece4e3570d0e23fdbef88","messageTitle":"Level-4","messageBody":"","tags":["Level-4"],"fileTypesAndContributionMap":{"java":{"insertions":84,"deletions":3}}}]},{"date":"2022-08-28","commitResults":[{"hash":"f492f91fc98c54c3e25cf9d5359c0ec9aea9439d","messageTitle":"A-CodingStandard","messageBody":"","tags":["A-CodingStandard"],"fileTypesAndContributionMap":{"java":{"insertions":8,"deletions":8}}},{"hash":"845ba9544854bd56b926eb208177e1a5b11ad475","messageTitle":"Level-5","messageBody":"","tags":["Level-5"],"fileTypesAndContributionMap":{"java":{"insertions":50,"deletions":30}}},{"hash":"38572d9c1b873c1e7cac3a3f75c553d75ee91880","messageTitle":"A-CodeQuality","messageBody":"","fileTypesAndContributionMap":{"java":{"insertions":1,"deletions":3}}}]},{"date":"2022-09-09","commitResults":[{"hash":"f2c066befe7f85757d7ad7033db8d537b896c319","messageTitle":"A-AbstractClasses","messageBody":"","fileTypesAndContributionMap":{"java":{"insertions":9,"deletions":7}}},{"hash":"63acf6725921d0ce895828478c1362491a6437a8","messageTitle":"A-Packages","messageBody":"","fileTypesAndContributionMap":{"java":{"insertions":30,"deletions":12},"bat":{"insertions":1,"deletions":1},"md":{"insertions":2,"deletions":2}}}]},{"date":"2022-09-18","commitResults":[{"hash":"d81c9f3d48f075da94e7640452e503aa1bf55741","messageTitle":"A-Packages","messageBody":"","fileTypesAndContributionMap":{"java":{"insertions":22,"deletions":28}}},{"hash":"532ce9db117f4abb320fb5b0cb901d2e0cfc2cdd","messageTitle":"Level-6","messageBody":"","fileTypesAndContributionMap":{"java":{"insertions":17,"deletions":0}}},{"hash":"21c2676d9203b8ec350eb7295dd9d603b72582dc","messageTitle":"Level-7","messageBody":"","fileTypesAndContributionMap":{"java":{"insertions":6,"deletions":0}}},{"hash":"1fd25eb57a418a9103699db12b94a70f22c8d9fb","messageTitle":"Level-7","messageBody":"","fileTypesAndContributionMap":{"java":{"insertions":52,"deletions":0}}},{"hash":"74a245e3adb2f42a8d450174004595761795d2cd","messageTitle":"Level-7","messageBody":"","fileTypesAndContributionMap":{"java":{"insertions":12,"deletions":11}}},{"hash":"3ed6e73b436c87e9809d89141e3ba6920473e0ab","messageTitle":"Level-7","messageBody":"","fileTypesAndContributionMap":{"java":{"insertions":25,"deletions":18}}},{"hash":"a90f997a2f05de8f40a484074c85ccbb76375b89","messageTitle":"Level-7","messageBody":"","fileTypesAndContributionMap":{"java":{"insertions":28,"deletions":10}}},{"hash":"bb518e9346e5b3e5c74e7c06b6c6f92acc92e4a7","messageTitle":"A-JavaDoc","messageBody":"","fileTypesAndContributionMap":{"java":{"insertions":52,"deletions":0}}},{"hash":"a4bb5dbf4ece6a25593a6b0962f9a5442d4216ce","messageTitle":"A-JavaDoc","messageBody":"","fileTypesAndContributionMap":{"java":{"insertions":94,"deletions":16}}},{"hash":"a30ddc1fe73d0b67b633b66134ac967ff8c01604","messageTitle":"A-JavaDoc","messageBody":"","tags":["A-JavaDoc"],"fileTypesAndContributionMap":{"java":{"insertions":1,"deletions":3}}},{"hash":"cafa5b2c918113c6b7143dfaaf6cc72a3f678303","messageTitle":"A-MoreOOP","messageBody":"","fileTypesAndContributionMap":{"java":{"insertions":318,"deletions":271}}}]},{"date":"2022-09-19","commitResults":[{"hash":"fbbc54486933d9590466b3364c02b21ef1c5e62c","messageTitle":"A-MoreOOP","messageBody":"","fileTypesAndContributionMap":{"java":{"insertions":30,"deletions":2}}},{"hash":"620cb323dfbee67a16f03c8e8f936faa343c6509","messageTitle":"A-MoreOOP","messageBody":"","fileTypesAndContributionMap":{"txt":{"insertions":0,"deletions":0},"java":{"insertions":1,"deletions":1}}},{"hash":"bae274bd70b27e4ad21cdc27fb5d70406124d079","messageTitle":"A-MoreOOP","messageBody":"","tags":["A-MoreOOP"],"fileTypesAndContributionMap":{"java":{"insertions":1,"deletions":2}}},{"hash":"28199e4fd1a00a7cfcb9ae3e261f4d2ec5b3a2ec","messageTitle":"Level-8","messageBody":"","fileTypesAndContributionMap":{"java":{"insertions":2,"deletions":2}}},{"hash":"0d19b6cf69ec6f815632132febe6ca5c234ea72a","messageTitle":"Level-8","messageBody":"","fileTypesAndContributionMap":{"java":{"insertions":293,"deletions":49}}}]}]},"authorFileTypeContributionMap":{"roshankumar1991":{"java":764,"md":2,"fxml":0,"sh":0,"bat":1,"gradle":0,"txt":0}},"authorContributionVariance":{"roshankumar1991":28157.156},"authorDisplayNameMap":{"roshankumar1991":"TIC4001-F18-1 ROSH..UMAR"}}
