[{"path":"src/main/java/Duke.java","fileType":"java","lines":[{"lineNumber":1,"author":{"gitId":"badassengineer"},"content":"import duke.task.*;","lastModifiedDate":"2022-09-04"},{"lineNumber":2,"author":{"gitId":"badassengineer"},"content":"import duke.exception.DukeException;","lastModifiedDate":"2022-09-04"},{"lineNumber":3,"author":{"gitId":"badassengineer"},"content":"import duke.workingfile.WorkingFile;","lastModifiedDate":"2022-09-17"},{"lineNumber":4,"author":{"gitId":"badassengineer"},"content":"import java.io.*;","lastModifiedDate":"2022-09-17"},{"lineNumber":5,"author":{"gitId":"badassengineer"},"content":"import java.util.ArrayList;","lastModifiedDate":"2022-08-20"},{"lineNumber":6,"author":{"gitId":"badassengineer"},"content":"import java.util.Scanner;","lastModifiedDate":"2022-08-19"},{"lineNumber":7,"author":{"gitId":"badassengineer"},"content":"","lastModifiedDate":"2022-08-19"},{"lineNumber":8,"author":{"gitId":"badassengineer"},"content":"/**","lastModifiedDate":"2022-09-17"},{"lineNumber":9,"author":{"gitId":"badassengineer"},"content":" * This \u003ccode\u003eDuke\u003c/code\u003e class is the main class of the Duke application.","lastModifiedDate":"2022-09-17"},{"lineNumber":10,"author":{"gitId":"badassengineer"},"content":" * This includes the main method and other methods that taps into abstracted","lastModifiedDate":"2022-09-17"},{"lineNumber":11,"author":{"gitId":"badassengineer"},"content":" * classes.","lastModifiedDate":"2022-09-17"},{"lineNumber":12,"author":{"gitId":"badassengineer"},"content":" */","lastModifiedDate":"2022-09-17"},{"lineNumber":13,"author":{"gitId":"-"},"content":"public class Duke {","lastModifiedDate":"2019-07-29"},{"lineNumber":14,"author":{"gitId":"badassengineer"},"content":"    private WorkingFile workingFile;","lastModifiedDate":"2022-09-17"},{"lineNumber":15,"author":{"gitId":"badassengineer"},"content":"    private static ArrayList\u003cTask\u003e taskList;","lastModifiedDate":"2022-09-17"},{"lineNumber":16,"author":{"gitId":"badassengineer"},"content":"    private static File file;","lastModifiedDate":"2022-09-17"},{"lineNumber":17,"author":{"gitId":"badassengineer"},"content":"","lastModifiedDate":"2022-08-19"},{"lineNumber":18,"author":{"gitId":"badassengineer"},"content":"    public Duke(String filename) {","lastModifiedDate":"2022-09-17"},{"lineNumber":19,"author":{"gitId":"badassengineer"},"content":"        String home \u003d System.getProperty(\"user.home\");","lastModifiedDate":"2022-09-17"},{"lineNumber":20,"author":{"gitId":"badassengineer"},"content":"        java.nio.file.Path directory \u003d java.nio.file.Paths.get(home, \"Duke\");","lastModifiedDate":"2022-09-17"},{"lineNumber":21,"author":{"gitId":"badassengineer"},"content":"        java.nio.file.Path pathFile \u003d java.nio.file.Paths.get(home, \"Duke\", filename + \".txt\");","lastModifiedDate":"2022-09-17"},{"lineNumber":22,"author":{"gitId":"badassengineer"},"content":"","lastModifiedDate":"2022-09-17"},{"lineNumber":23,"author":{"gitId":"badassengineer"},"content":"        file \u003d pathFile.toFile();","lastModifiedDate":"2022-09-17"},{"lineNumber":24,"author":{"gitId":"badassengineer"},"content":"        taskList \u003d new ArrayList\u003c\u003e();","lastModifiedDate":"2022-09-17"},{"lineNumber":25,"author":{"gitId":"badassengineer"},"content":"        workingFile \u003d new WorkingFile(directory, pathFile, taskList);","lastModifiedDate":"2022-09-17"},{"lineNumber":26,"author":{"gitId":"badassengineer"},"content":"        workingFile.loadTaskFromFile();","lastModifiedDate":"2022-09-17"},{"lineNumber":27,"author":{"gitId":"badassengineer"},"content":"    }","lastModifiedDate":"2022-09-17"},{"lineNumber":28,"author":{"gitId":"badassengineer"},"content":"","lastModifiedDate":"2022-09-17"},{"lineNumber":29,"author":{"gitId":"badassengineer"},"content":"    public static void run() {","lastModifiedDate":"2022-09-17"},{"lineNumber":30,"author":{"gitId":"badassengineer"},"content":"        while (true) {","lastModifiedDate":"2022-09-17"},{"lineNumber":31,"author":{"gitId":"badassengineer"},"content":"            try {","lastModifiedDate":"2022-09-17"},{"lineNumber":32,"author":{"gitId":"badassengineer"},"content":"                String line;","lastModifiedDate":"2022-09-04"},{"lineNumber":33,"author":{"gitId":"badassengineer"},"content":"                Scanner in \u003d new Scanner(System.in);","lastModifiedDate":"2022-09-04"},{"lineNumber":34,"author":{"gitId":"badassengineer"},"content":"                line \u003d in.nextLine();","lastModifiedDate":"2022-09-04"},{"lineNumber":35,"author":{"gitId":"badassengineer"},"content":"","lastModifiedDate":"2022-09-04"},{"lineNumber":36,"author":{"gitId":"badassengineer"},"content":"                System.out.println();","lastModifiedDate":"2022-09-04"},{"lineNumber":37,"author":{"gitId":"badassengineer"},"content":"","lastModifiedDate":"2022-09-04"},{"lineNumber":38,"author":{"gitId":"badassengineer"},"content":"                try {","lastModifiedDate":"2022-09-04"},{"lineNumber":39,"author":{"gitId":"badassengineer"},"content":"                    if ((line.startsWith(\"bye\")) || (line.startsWith(\"list\")) || (line.startsWith(\"mark\")) || line.startsWith(\"unmark\") || line.startsWith(\"delete\")) {","lastModifiedDate":"2022-09-10"},{"lineNumber":40,"author":{"gitId":"badassengineer"},"content":"                        operateOnTasks(line);","lastModifiedDate":"2022-09-04"},{"lineNumber":41,"author":{"gitId":"badassengineer"},"content":"                    } else if ((line.startsWith(\"todo\")) || (line.startsWith(\"deadline\")) || (line.startsWith(\"event\"))) {","lastModifiedDate":"2022-09-04"},{"lineNumber":42,"author":{"gitId":"badassengineer"},"content":"                        if (line.equals(\"todo\") || line.equals(\"deadline\") || line.equals(\"event\")) {","lastModifiedDate":"2022-09-04"},{"lineNumber":43,"author":{"gitId":"badassengineer"},"content":"                            throw new DukeException(\"\\u2639 \" + line + \" keyword must not be empty!\");","lastModifiedDate":"2022-09-04"},{"lineNumber":44,"author":{"gitId":"badassengineer"},"content":"                        } else if (line.equals(\"todo \") || line.equals(\"deadline \") || line.equals(\"event \")) {","lastModifiedDate":"2022-09-04"},{"lineNumber":45,"author":{"gitId":"badassengineer"},"content":"                            throw new DukeException(\"\\u2639 \" + line + \"keyword must not be empty!\");","lastModifiedDate":"2022-09-04"},{"lineNumber":46,"author":{"gitId":"badassengineer"},"content":"                        } else {","lastModifiedDate":"2022-09-04"},{"lineNumber":47,"author":{"gitId":"badassengineer"},"content":"                            addTask(line);","lastModifiedDate":"2022-09-04"},{"lineNumber":48,"author":{"gitId":"badassengineer"},"content":"                        }","lastModifiedDate":"2022-09-04"},{"lineNumber":49,"author":{"gitId":"badassengineer"},"content":"                    } else {","lastModifiedDate":"2022-09-04"},{"lineNumber":50,"author":{"gitId":"badassengineer"},"content":"                        throw new DukeException(\"\\u2639 \" + \"OOPS!!! I\u0027m sorry, but I don\u0027t know what that means :-(\");","lastModifiedDate":"2022-09-04"},{"lineNumber":51,"author":{"gitId":"badassengineer"},"content":"                    }","lastModifiedDate":"2022-09-04"},{"lineNumber":52,"author":{"gitId":"badassengineer"},"content":"                } catch (ArrayIndexOutOfBoundsException e) {","lastModifiedDate":"2022-09-04"},{"lineNumber":53,"author":{"gitId":"badassengineer"},"content":"                    throw new DukeException(\"\\u2639 \" + line + \" keyword must be followed by valid, new task\");","lastModifiedDate":"2022-09-17"},{"lineNumber":54,"author":{"gitId":"badassengineer"},"content":"                } catch (StringIndexOutOfBoundsException e) {","lastModifiedDate":"2022-09-10"},{"lineNumber":55,"author":{"gitId":"badassengineer"},"content":"                    throw new DukeException(\"\\u2639 \" + \"Check the Duke basic input commands!!! Correct input format must be provided.\");","lastModifiedDate":"2022-09-10"},{"lineNumber":56,"author":{"gitId":"badassengineer"},"content":"                }","lastModifiedDate":"2022-09-04"},{"lineNumber":57,"author":{"gitId":"badassengineer"},"content":"            } catch (DukeException e) {","lastModifiedDate":"2022-09-17"},{"lineNumber":58,"author":{"gitId":"badassengineer"},"content":"                System.out.println(e.getMessage());","lastModifiedDate":"2022-09-17"},{"lineNumber":59,"author":{"gitId":"badassengineer"},"content":"            }","lastModifiedDate":"2022-09-17"},{"lineNumber":60,"author":{"gitId":"badassengineer"},"content":"            System.out.println();","lastModifiedDate":"2022-09-04"},{"lineNumber":61,"author":{"gitId":"badassengineer"},"content":"        }","lastModifiedDate":"2022-09-04"},{"lineNumber":62,"author":{"gitId":"badassengineer"},"content":"    }","lastModifiedDate":"2022-09-17"},{"lineNumber":63,"author":{"gitId":"badassengineer"},"content":"","lastModifiedDate":"2022-09-04"},{"lineNumber":64,"author":{"gitId":"badassengineer"},"content":"    /**","lastModifiedDate":"2022-09-17"},{"lineNumber":65,"author":{"gitId":"badassengineer"},"content":"     * \u003ccode\u003eoperateOnTasks\u003c/code\u003e method allows the user to perform the Duke basic commands","lastModifiedDate":"2022-09-17"},{"lineNumber":66,"author":{"gitId":"badassengineer"},"content":"     * for manipulating the stored data.","lastModifiedDate":"2022-09-17"},{"lineNumber":67,"author":{"gitId":"badassengineer"},"content":"     *","lastModifiedDate":"2022-09-17"},{"lineNumber":68,"author":{"gitId":"badassengineer"},"content":"     * @param bye terminates the Duke application from running.","lastModifiedDate":"2022-09-17"},{"lineNumber":69,"author":{"gitId":"badassengineer"},"content":"     * @param list prints all the task saved from the file to the console.","lastModifiedDate":"2022-09-17"},{"lineNumber":70,"author":{"gitId":"badassengineer"},"content":"     * @param mark checks the tick box.","lastModifiedDate":"2022-09-17"},{"lineNumber":71,"author":{"gitId":"badassengineer"},"content":"     * @param unmark unchecked the tick box.","lastModifiedDate":"2022-09-17"},{"lineNumber":72,"author":{"gitId":"badassengineer"},"content":"     * @param delete deletes selected task on the file.","lastModifiedDate":"2022-09-17"},{"lineNumber":73,"author":{"gitId":"badassengineer"},"content":"     */","lastModifiedDate":"2022-09-17"},{"lineNumber":74,"author":{"gitId":"badassengineer"},"content":"    public static void operateOnTasks(String s) throws DukeException {","lastModifiedDate":"2022-09-04"},{"lineNumber":75,"author":{"gitId":"badassengineer"},"content":"        String[] firstWord \u003d s.split(\" \", 2);","lastModifiedDate":"2022-09-17"},{"lineNumber":76,"author":{"gitId":"badassengineer"},"content":"","lastModifiedDate":"2022-08-19"},{"lineNumber":77,"author":{"gitId":"badassengineer"},"content":"        switch (firstWord[0]) {","lastModifiedDate":"2022-09-03"},{"lineNumber":78,"author":{"gitId":"badassengineer"},"content":"            case \"bye\":","lastModifiedDate":"2022-09-04"},{"lineNumber":79,"author":{"gitId":"badassengineer"},"content":"                System.out.println(\"    Bye. Hope to see you again soon!\");","lastModifiedDate":"2022-09-04"},{"lineNumber":80,"author":{"gitId":"badassengineer"},"content":"                System.exit(0);","lastModifiedDate":"2022-09-04"},{"lineNumber":81,"author":{"gitId":"badassengineer"},"content":"                break;","lastModifiedDate":"2022-09-04"},{"lineNumber":82,"author":{"gitId":"badassengineer"},"content":"            case \"list\":","lastModifiedDate":"2022-09-03"},{"lineNumber":83,"author":{"gitId":"badassengineer"},"content":"                if (taskList.isEmpty()) {","lastModifiedDate":"2022-08-20"},{"lineNumber":84,"author":{"gitId":"badassengineer"},"content":"                    throw new DukeException(\"    The list is empty!\");","lastModifiedDate":"2022-09-04"},{"lineNumber":85,"author":{"gitId":"badassengineer"},"content":"                } else {","lastModifiedDate":"2022-08-19"},{"lineNumber":86,"author":{"gitId":"badassengineer"},"content":"                    System.out.println(\"    Here are the task(s) in your list:\");","lastModifiedDate":"2022-09-04"},{"lineNumber":87,"author":{"gitId":"badassengineer"},"content":"                    for (int i \u003d 0; i \u003c taskList.size(); i++) {","lastModifiedDate":"2022-08-20"},{"lineNumber":88,"author":{"gitId":"badassengineer"},"content":"                        System.out.println(\"      \" + (i + 1) + \".\" + (taskList.get(i)));","lastModifiedDate":"2022-08-25"},{"lineNumber":89,"author":{"gitId":"badassengineer"},"content":"                    }","lastModifiedDate":"2022-08-20"},{"lineNumber":90,"author":{"gitId":"badassengineer"},"content":"                }","lastModifiedDate":"2022-08-20"},{"lineNumber":91,"author":{"gitId":"badassengineer"},"content":"                break;","lastModifiedDate":"2022-09-03"},{"lineNumber":92,"author":{"gitId":"badassengineer"},"content":"            case \"mark\":","lastModifiedDate":"2022-09-03"},{"lineNumber":93,"author":{"gitId":"badassengineer"},"content":"                try {","lastModifiedDate":"2022-09-04"},{"lineNumber":94,"author":{"gitId":"badassengineer"},"content":"                    int markTaskIndex \u003d Integer.parseInt(s.substring(5)) - 1;","lastModifiedDate":"2022-09-03"},{"lineNumber":95,"author":{"gitId":"badassengineer"},"content":"","lastModifiedDate":"2022-08-20"},{"lineNumber":96,"author":{"gitId":"badassengineer"},"content":"                    taskList.get(markTaskIndex).setStatusIcon(\"mark\");","lastModifiedDate":"2022-09-03"},{"lineNumber":97,"author":{"gitId":"badassengineer"},"content":"                    System.out.println(\"    Nice! I\u0027ve marked this task as done:\");","lastModifiedDate":"2022-08-20"},{"lineNumber":98,"author":{"gitId":"badassengineer"},"content":"                    System.out.println(\"      \" + taskList.get(markTaskIndex));","lastModifiedDate":"2022-09-03"},{"lineNumber":99,"author":{"gitId":"badassengineer"},"content":"                    updateTaskFile();","lastModifiedDate":"2022-09-17"},{"lineNumber":100,"author":{"gitId":"badassengineer"},"content":"                    break;","lastModifiedDate":"2022-09-03"},{"lineNumber":101,"author":{"gitId":"badassengineer"},"content":"                } catch (StringIndexOutOfBoundsException e) {","lastModifiedDate":"2022-09-04"},{"lineNumber":102,"author":{"gitId":"badassengineer"},"content":"                    throw new DukeException(\"\\u2639 \" + \"Check the Duke basic input commands!!! Correct input format for \u0027mark\u0027 keyword must be provided.\");","lastModifiedDate":"2022-09-17"},{"lineNumber":103,"author":{"gitId":"badassengineer"},"content":"                } catch (IndexOutOfBoundsException e) {","lastModifiedDate":"2022-09-04"},{"lineNumber":104,"author":{"gitId":"badassengineer"},"content":"                    throw new DukeException(\"\\u2639 \" + \"OOPS!!! It\u0027s either the task\u0027s list is empty or the index entered is out of bound.\");","lastModifiedDate":"2022-09-04"},{"lineNumber":105,"author":{"gitId":"badassengineer"},"content":"                } catch (NumberFormatException e) {","lastModifiedDate":"2022-09-04"},{"lineNumber":106,"author":{"gitId":"badassengineer"},"content":"                    throw new DukeException(\"\\u2639 \" + \"Check the Duke basic input commands!!! \u0027mark\u0027 keyword must be followed by a positive integer.\");","lastModifiedDate":"2022-09-17"},{"lineNumber":107,"author":{"gitId":"badassengineer"},"content":"                }","lastModifiedDate":"2022-09-04"},{"lineNumber":108,"author":{"gitId":"badassengineer"},"content":"            case \"unmark\":","lastModifiedDate":"2022-09-03"},{"lineNumber":109,"author":{"gitId":"badassengineer"},"content":"                try {","lastModifiedDate":"2022-09-04"},{"lineNumber":110,"author":{"gitId":"badassengineer"},"content":"                    int unmarkTaskIndex \u003d Integer.parseInt(s.substring(7)) - 1;","lastModifiedDate":"2022-09-03"},{"lineNumber":111,"author":{"gitId":"badassengineer"},"content":"","lastModifiedDate":"2022-08-20"},{"lineNumber":112,"author":{"gitId":"badassengineer"},"content":"                    taskList.get(unmarkTaskIndex).setStatusIcon(\"unmark\");","lastModifiedDate":"2022-09-03"},{"lineNumber":113,"author":{"gitId":"badassengineer"},"content":"                    System.out.println(\"    OK, I\u0027ve marked this task as not done yet:\");","lastModifiedDate":"2022-08-20"},{"lineNumber":114,"author":{"gitId":"badassengineer"},"content":"                    System.out.println(\"      \" + taskList.get(unmarkTaskIndex));","lastModifiedDate":"2022-09-03"},{"lineNumber":115,"author":{"gitId":"badassengineer"},"content":"                    updateTaskFile();","lastModifiedDate":"2022-09-17"},{"lineNumber":116,"author":{"gitId":"badassengineer"},"content":"                    break;","lastModifiedDate":"2022-08-20"},{"lineNumber":117,"author":{"gitId":"badassengineer"},"content":"                } catch (StringIndexOutOfBoundsException e) {","lastModifiedDate":"2022-09-04"},{"lineNumber":118,"author":{"gitId":"badassengineer"},"content":"                    throw new DukeException(\"\\u2639 \" + \"Check the Duke basic input commands!!! Correct input format for \u0027unmark\u0027 keyword must be provided.\");","lastModifiedDate":"2022-09-17"},{"lineNumber":119,"author":{"gitId":"badassengineer"},"content":"                } catch (IndexOutOfBoundsException e) {","lastModifiedDate":"2022-09-04"},{"lineNumber":120,"author":{"gitId":"badassengineer"},"content":"                    throw new DukeException(\"\\u2639 \" + \"OOPS!!! It\u0027s either the task\u0027s list is empty or the index entered is out of bound.\");","lastModifiedDate":"2022-09-04"},{"lineNumber":121,"author":{"gitId":"badassengineer"},"content":"                } catch (NumberFormatException e) {","lastModifiedDate":"2022-09-04"},{"lineNumber":122,"author":{"gitId":"badassengineer"},"content":"                    throw new DukeException(\"\\u2639 \" + \"Check the Duke basic input commands!!! \u0027unmark\u0027 keyword must be followed by a positive integer.\");","lastModifiedDate":"2022-09-17"},{"lineNumber":123,"author":{"gitId":"badassengineer"},"content":"                }","lastModifiedDate":"2022-09-04"},{"lineNumber":124,"author":{"gitId":"badassengineer"},"content":"            case \"delete\":","lastModifiedDate":"2022-09-10"},{"lineNumber":125,"author":{"gitId":"badassengineer"},"content":"                try {","lastModifiedDate":"2022-09-17"},{"lineNumber":126,"author":{"gitId":"badassengineer"},"content":"                    int taskIndex \u003d Integer.parseInt(firstWord[1]);","lastModifiedDate":"2022-09-10"},{"lineNumber":127,"author":{"gitId":"badassengineer"},"content":"","lastModifiedDate":"2022-09-10"},{"lineNumber":128,"author":{"gitId":"badassengineer"},"content":"                    if (taskIndex \u003c 1 || taskIndex \u003e taskList.size()) {","lastModifiedDate":"2022-09-10"},{"lineNumber":129,"author":{"gitId":"badassengineer"},"content":"                        throw new DukeException(\"The task item passed is not within the current task list range.\");","lastModifiedDate":"2022-09-10"},{"lineNumber":130,"author":{"gitId":"badassengineer"},"content":"                    } else {","lastModifiedDate":"2022-09-10"},{"lineNumber":131,"author":{"gitId":"badassengineer"},"content":"                        printTask(Integer.toString(taskIndex));","lastModifiedDate":"2022-09-10"},{"lineNumber":132,"author":{"gitId":"badassengineer"},"content":"                        taskList.remove(taskIndex - 1);","lastModifiedDate":"2022-09-10"},{"lineNumber":133,"author":{"gitId":"badassengineer"},"content":"                        updateTaskFile();","lastModifiedDate":"2022-09-17"},{"lineNumber":134,"author":{"gitId":"badassengineer"},"content":"                    }","lastModifiedDate":"2022-09-10"},{"lineNumber":135,"author":{"gitId":"badassengineer"},"content":"                    break;","lastModifiedDate":"2022-09-10"},{"lineNumber":136,"author":{"gitId":"badassengineer"},"content":"                } catch (NumberFormatException e) {","lastModifiedDate":"2022-09-17"},{"lineNumber":137,"author":{"gitId":"badassengineer"},"content":"                    throw new DukeException(\"\\u2639 \" + \"Check the Duke basic input commands!!! \u0027delete\u0027 keyword must be followed by a positive integer.\");","lastModifiedDate":"2022-09-17"},{"lineNumber":138,"author":{"gitId":"badassengineer"},"content":"                }","lastModifiedDate":"2022-09-17"},{"lineNumber":139,"author":{"gitId":"badassengineer"},"content":"        }","lastModifiedDate":"2022-08-20"},{"lineNumber":140,"author":{"gitId":"badassengineer"},"content":"    }","lastModifiedDate":"2022-08-20"},{"lineNumber":141,"author":{"gitId":"badassengineer"},"content":"","lastModifiedDate":"2022-08-20"},{"lineNumber":142,"author":{"gitId":"badassengineer"},"content":"    public static void addTask(String s) throws DukeException {","lastModifiedDate":"2022-09-04"},{"lineNumber":143,"author":{"gitId":"badassengineer"},"content":"        String description;","lastModifiedDate":"2022-09-03"},{"lineNumber":144,"author":{"gitId":"badassengineer"},"content":"        boolean isIncluded \u003d false;","lastModifiedDate":"2022-09-04"},{"lineNumber":145,"author":{"gitId":"badassengineer"},"content":"        String[] firstWord \u003d s.split(\" \", 2);","lastModifiedDate":"2022-09-17"},{"lineNumber":146,"author":{"gitId":"badassengineer"},"content":"","lastModifiedDate":"2022-09-03"},{"lineNumber":147,"author":{"gitId":"badassengineer"},"content":"        for (Task task : taskList) {","lastModifiedDate":"2022-09-04"},{"lineNumber":148,"author":{"gitId":"badassengineer"},"content":"            if (task.getDescription().equals((firstWord[1].split(\" /\", 2))[0])) {","lastModifiedDate":"2022-09-04"},{"lineNumber":149,"author":{"gitId":"badassengineer"},"content":"                isIncluded \u003d true;","lastModifiedDate":"2022-09-04"},{"lineNumber":150,"author":{"gitId":"badassengineer"},"content":"                break;","lastModifiedDate":"2022-09-04"},{"lineNumber":151,"author":{"gitId":"badassengineer"},"content":"            }","lastModifiedDate":"2022-09-04"},{"lineNumber":152,"author":{"gitId":"badassengineer"},"content":"        }","lastModifiedDate":"2022-09-04"},{"lineNumber":153,"author":{"gitId":"badassengineer"},"content":"","lastModifiedDate":"2022-09-03"},{"lineNumber":154,"author":{"gitId":"badassengineer"},"content":"        if (isIncluded) {","lastModifiedDate":"2022-09-04"},{"lineNumber":155,"author":{"gitId":"badassengineer"},"content":"            throw new DukeException(\"The current list contains this task.\");","lastModifiedDate":"2022-09-04"},{"lineNumber":156,"author":{"gitId":"badassengineer"},"content":"        } else {","lastModifiedDate":"2022-09-04"},{"lineNumber":157,"author":{"gitId":"badassengineer"},"content":"            switch (firstWord[0]) {","lastModifiedDate":"2022-09-03"},{"lineNumber":158,"author":{"gitId":"badassengineer"},"content":"                case \"todo\": {","lastModifiedDate":"2022-09-17"},{"lineNumber":159,"author":{"gitId":"badassengineer"},"content":"                    description \u003d s.substring(5);","lastModifiedDate":"2022-09-03"},{"lineNumber":160,"author":{"gitId":"badassengineer"},"content":"","lastModifiedDate":"2022-08-25"},{"lineNumber":161,"author":{"gitId":"badassengineer"},"content":"                    taskList.add(new TodoTask(description));","lastModifiedDate":"2022-09-02"},{"lineNumber":162,"author":{"gitId":"badassengineer"},"content":"                    break;","lastModifiedDate":"2022-09-03"},{"lineNumber":163,"author":{"gitId":"badassengineer"},"content":"                }","lastModifiedDate":"2022-09-17"},{"lineNumber":164,"author":{"gitId":"badassengineer"},"content":"                case \"deadline\": {","lastModifiedDate":"2022-09-17"},{"lineNumber":165,"author":{"gitId":"badassengineer"},"content":"                    description \u003d s.substring(9, s.indexOf(\" /by\"));","lastModifiedDate":"2022-09-03"},{"lineNumber":166,"author":{"gitId":"badassengineer"},"content":"                    String by \u003d s.substring(s.indexOf(\"/by\") + 4);","lastModifiedDate":"2022-09-03"},{"lineNumber":167,"author":{"gitId":"badassengineer"},"content":"","lastModifiedDate":"2022-08-25"},{"lineNumber":168,"author":{"gitId":"badassengineer"},"content":"                    taskList.add(new DeadlineTask(description, by));","lastModifiedDate":"2022-09-02"},{"lineNumber":169,"author":{"gitId":"badassengineer"},"content":"                    break;","lastModifiedDate":"2022-09-03"},{"lineNumber":170,"author":{"gitId":"badassengineer"},"content":"                }","lastModifiedDate":"2022-09-17"},{"lineNumber":171,"author":{"gitId":"badassengineer"},"content":"                case \"event\": {","lastModifiedDate":"2022-09-17"},{"lineNumber":172,"author":{"gitId":"badassengineer"},"content":"                    description \u003d s.substring(6, s.indexOf(\" /at\"));","lastModifiedDate":"2022-09-03"},{"lineNumber":173,"author":{"gitId":"badassengineer"},"content":"                    String at \u003d s.substring(s.indexOf(\"/at\") + 4);","lastModifiedDate":"2022-09-03"},{"lineNumber":174,"author":{"gitId":"badassengineer"},"content":"","lastModifiedDate":"2022-08-25"},{"lineNumber":175,"author":{"gitId":"badassengineer"},"content":"                    taskList.add(new EventTask(description, at));","lastModifiedDate":"2022-09-02"},{"lineNumber":176,"author":{"gitId":"badassengineer"},"content":"                    break;","lastModifiedDate":"2022-09-03"},{"lineNumber":177,"author":{"gitId":"badassengineer"},"content":"                }","lastModifiedDate":"2022-08-19"},{"lineNumber":178,"author":{"gitId":"badassengineer"},"content":"            }","lastModifiedDate":"2022-09-17"},{"lineNumber":179,"author":{"gitId":"badassengineer"},"content":"","lastModifiedDate":"2022-09-17"},{"lineNumber":180,"author":{"gitId":"badassengineer"},"content":"            for (int i \u003d 0; i \u003c taskList.size(); i++) {","lastModifiedDate":"2022-09-17"},{"lineNumber":181,"author":{"gitId":"badassengineer"},"content":"                saveTaskToFile(taskList.get(i));","lastModifiedDate":"2022-09-17"},{"lineNumber":182,"author":{"gitId":"badassengineer"},"content":"            }","lastModifiedDate":"2022-09-17"},{"lineNumber":183,"author":{"gitId":"badassengineer"},"content":"","lastModifiedDate":"2022-09-17"},{"lineNumber":184,"author":{"gitId":"badassengineer"},"content":"            printTask(\"add\");","lastModifiedDate":"2022-09-10"},{"lineNumber":185,"author":{"gitId":"-"},"content":"        }","lastModifiedDate":"2019-07-29"},{"lineNumber":186,"author":{"gitId":"badassengineer"},"content":"    }","lastModifiedDate":"2022-09-04"},{"lineNumber":187,"author":{"gitId":"badassengineer"},"content":"","lastModifiedDate":"2022-09-03"},{"lineNumber":188,"author":{"gitId":"badassengineer"},"content":"    public static void saveTaskToFile(Task task) throws DukeException {","lastModifiedDate":"2022-09-17"},{"lineNumber":189,"author":{"gitId":"badassengineer"},"content":"        try {","lastModifiedDate":"2022-09-17"},{"lineNumber":190,"author":{"gitId":"badassengineer"},"content":"            File f \u003d file;","lastModifiedDate":"2022-09-17"},{"lineNumber":191,"author":{"gitId":"badassengineer"},"content":"            Scanner s \u003d new Scanner(f);","lastModifiedDate":"2022-09-17"},{"lineNumber":192,"author":{"gitId":"badassengineer"},"content":"            FileWriter fw \u003d new FileWriter(file, true);","lastModifiedDate":"2022-09-17"},{"lineNumber":193,"author":{"gitId":"badassengineer"},"content":"            boolean taskFound \u003d false;","lastModifiedDate":"2022-09-17"},{"lineNumber":194,"author":{"gitId":"badassengineer"},"content":"","lastModifiedDate":"2022-09-17"},{"lineNumber":195,"author":{"gitId":"badassengineer"},"content":"            while (s.hasNext()) {","lastModifiedDate":"2022-09-17"},{"lineNumber":196,"author":{"gitId":"badassengineer"},"content":"                if (s.nextLine().equals(task.toString())) {","lastModifiedDate":"2022-09-17"},{"lineNumber":197,"author":{"gitId":"badassengineer"},"content":"                    taskFound \u003d true;","lastModifiedDate":"2022-09-17"},{"lineNumber":198,"author":{"gitId":"badassengineer"},"content":"                    break;","lastModifiedDate":"2022-09-17"},{"lineNumber":199,"author":{"gitId":"badassengineer"},"content":"                }","lastModifiedDate":"2022-09-17"},{"lineNumber":200,"author":{"gitId":"badassengineer"},"content":"            }","lastModifiedDate":"2022-09-17"},{"lineNumber":201,"author":{"gitId":"badassengineer"},"content":"","lastModifiedDate":"2022-09-17"},{"lineNumber":202,"author":{"gitId":"badassengineer"},"content":"            if (!taskFound) {","lastModifiedDate":"2022-09-17"},{"lineNumber":203,"author":{"gitId":"badassengineer"},"content":"                fw.write(task + \"\\n\");","lastModifiedDate":"2022-09-17"},{"lineNumber":204,"author":{"gitId":"badassengineer"},"content":"                fw.close();","lastModifiedDate":"2022-09-17"},{"lineNumber":205,"author":{"gitId":"badassengineer"},"content":"            }","lastModifiedDate":"2022-09-17"},{"lineNumber":206,"author":{"gitId":"badassengineer"},"content":"        } catch (IOException e) {","lastModifiedDate":"2022-09-17"},{"lineNumber":207,"author":{"gitId":"badassengineer"},"content":"            throw new DukeException(\"Something went wrong: \" + e.getMessage());","lastModifiedDate":"2022-09-17"},{"lineNumber":208,"author":{"gitId":"badassengineer"},"content":"        }","lastModifiedDate":"2022-09-17"},{"lineNumber":209,"author":{"gitId":"badassengineer"},"content":"    }","lastModifiedDate":"2022-09-17"},{"lineNumber":210,"author":{"gitId":"badassengineer"},"content":"","lastModifiedDate":"2022-09-17"},{"lineNumber":211,"author":{"gitId":"badassengineer"},"content":"    public static void updateTaskFile() throws DukeException {","lastModifiedDate":"2022-09-17"},{"lineNumber":212,"author":{"gitId":"badassengineer"},"content":"        try {","lastModifiedDate":"2022-09-17"},{"lineNumber":213,"author":{"gitId":"badassengineer"},"content":"            PrintWriter pw \u003d new PrintWriter(file);","lastModifiedDate":"2022-09-17"},{"lineNumber":214,"author":{"gitId":"badassengineer"},"content":"","lastModifiedDate":"2022-09-17"},{"lineNumber":215,"author":{"gitId":"badassengineer"},"content":"            pw.print(\"\");","lastModifiedDate":"2022-09-17"},{"lineNumber":216,"author":{"gitId":"badassengineer"},"content":"            pw.close();","lastModifiedDate":"2022-09-17"},{"lineNumber":217,"author":{"gitId":"badassengineer"},"content":"","lastModifiedDate":"2022-09-17"},{"lineNumber":218,"author":{"gitId":"badassengineer"},"content":"            for (int i \u003d 0; i \u003c taskList.size(); i++) {","lastModifiedDate":"2022-09-17"},{"lineNumber":219,"author":{"gitId":"badassengineer"},"content":"                saveTaskToFile(taskList.get(i));","lastModifiedDate":"2022-09-17"},{"lineNumber":220,"author":{"gitId":"badassengineer"},"content":"            }","lastModifiedDate":"2022-09-17"},{"lineNumber":221,"author":{"gitId":"badassengineer"},"content":"        } catch (IOException e) {","lastModifiedDate":"2022-09-17"},{"lineNumber":222,"author":{"gitId":"badassengineer"},"content":"            throw new DukeException(\"Something went wrong: \" + e.getMessage());","lastModifiedDate":"2022-09-17"},{"lineNumber":223,"author":{"gitId":"badassengineer"},"content":"        }","lastModifiedDate":"2022-09-17"},{"lineNumber":224,"author":{"gitId":"badassengineer"},"content":"    }","lastModifiedDate":"2022-09-17"},{"lineNumber":225,"author":{"gitId":"badassengineer"},"content":"","lastModifiedDate":"2022-09-17"},{"lineNumber":226,"author":{"gitId":"badassengineer"},"content":"    public static void printTask(String instruction) {","lastModifiedDate":"2022-09-10"},{"lineNumber":227,"author":{"gitId":"badassengineer"},"content":"        if (instruction \u003d\u003d \"add\") {","lastModifiedDate":"2022-09-10"},{"lineNumber":228,"author":{"gitId":"badassengineer"},"content":"            System.out.println(\"     Got it. I\u0027ve added this task:\");","lastModifiedDate":"2022-09-04"},{"lineNumber":229,"author":{"gitId":"badassengineer"},"content":"            System.out.println(\"       \" + (taskList.get(taskList.size() - 1)));","lastModifiedDate":"2022-09-03"},{"lineNumber":230,"author":{"gitId":"badassengineer"},"content":"            System.out.println(\"     Now you have \" + Task.getTotalTask() + \" task(s) in the list.\");","lastModifiedDate":"2022-09-03"},{"lineNumber":231,"author":{"gitId":"badassengineer"},"content":"        } else {","lastModifiedDate":"2022-09-10"},{"lineNumber":232,"author":{"gitId":"badassengineer"},"content":"            System.out.println(\"     Noted. I\u0027ve removed this task:\");","lastModifiedDate":"2022-09-10"},{"lineNumber":233,"author":{"gitId":"badassengineer"},"content":"            System.out.println(\"       \" + (taskList.get(Integer.parseInt(instruction) - 1)));","lastModifiedDate":"2022-09-10"},{"lineNumber":234,"author":{"gitId":"badassengineer"},"content":"            System.out.println(\"     Now you have \" + (taskList.size() - 1) + \" task(s) in the list.\");","lastModifiedDate":"2022-09-10"},{"lineNumber":235,"author":{"gitId":"badassengineer"},"content":"        }","lastModifiedDate":"2022-08-25"},{"lineNumber":236,"author":{"gitId":"badassengineer"},"content":"    }","lastModifiedDate":"2022-09-10"},{"lineNumber":237,"author":{"gitId":"badassengineer"},"content":"","lastModifiedDate":"2022-09-10"},{"lineNumber":238,"author":{"gitId":"badassengineer"},"content":"","lastModifiedDate":"2022-09-03"},{"lineNumber":239,"author":{"gitId":"-"},"content":"    public static void main(String[] args) {","lastModifiedDate":"2022-08-25"},{"lineNumber":240,"author":{"gitId":"-"},"content":"        String logo \u003d \" ____        _        \\n\"","lastModifiedDate":"2022-08-25"},{"lineNumber":241,"author":{"gitId":"-"},"content":"                + \"|  _ \\\\ _   _| | _____ \\n\"","lastModifiedDate":"2022-08-25"},{"lineNumber":242,"author":{"gitId":"-"},"content":"                + \"| | | | | | | |/ / _ \\\\\\n\"","lastModifiedDate":"2022-08-25"},{"lineNumber":243,"author":{"gitId":"-"},"content":"                + \"| |_| | |_| |   \u003c  __/\\n\"","lastModifiedDate":"2022-08-25"},{"lineNumber":244,"author":{"gitId":"-"},"content":"                + \"|____/ \\\\__,_|_|\\\\_\\\\___|\\n\";","lastModifiedDate":"2022-08-25"},{"lineNumber":245,"author":{"gitId":"-"},"content":"        System.out.println(\"Hello from\\n\" + logo);","lastModifiedDate":"2022-08-25"},{"lineNumber":246,"author":{"gitId":"badassengineer"},"content":"        System.out.println();","lastModifiedDate":"2022-08-25"},{"lineNumber":247,"author":{"gitId":"badassengineer"},"content":"        System.out.println(\"Hello! I\u0027m Duke\\n\" + \"To begin, enter your filename: \");","lastModifiedDate":"2022-09-17"},{"lineNumber":248,"author":{"gitId":"badassengineer"},"content":"","lastModifiedDate":"2022-08-25"},{"lineNumber":249,"author":{"gitId":"badassengineer"},"content":"        Scanner in \u003d new Scanner(System.in);","lastModifiedDate":"2022-09-17"},{"lineNumber":250,"author":{"gitId":"badassengineer"},"content":"        String filename \u003d in.nextLine();","lastModifiedDate":"2022-09-17"},{"lineNumber":251,"author":{"gitId":"badassengineer"},"content":"","lastModifiedDate":"2022-09-17"},{"lineNumber":252,"author":{"gitId":"badassengineer"},"content":"        new Duke(filename);","lastModifiedDate":"2022-09-17"},{"lineNumber":253,"author":{"gitId":"badassengineer"},"content":"        run();","lastModifiedDate":"2022-09-17"},{"lineNumber":254,"author":{"gitId":"-"},"content":"    }","lastModifiedDate":"2019-07-29"},{"lineNumber":255,"author":{"gitId":"badassengineer"},"content":"}","lastModifiedDate":"2022-08-20"}],"authorContributionMap":{"badassengineer":245,"-":10}},{"path":"src/main/java/duke/exception/DukeException.java","fileType":"java","lines":[{"lineNumber":1,"author":{"gitId":"badassengineer"},"content":"package duke.exception;","lastModifiedDate":"2022-09-04"},{"lineNumber":2,"author":{"gitId":"badassengineer"},"content":"","lastModifiedDate":"2022-09-04"},{"lineNumber":3,"author":{"gitId":"badassengineer"},"content":"/**","lastModifiedDate":"2022-09-17"},{"lineNumber":4,"author":{"gitId":"badassengineer"},"content":" * This class handles user-defined exception message.","lastModifiedDate":"2022-09-17"},{"lineNumber":5,"author":{"gitId":"badassengineer"},"content":" */","lastModifiedDate":"2022-09-17"},{"lineNumber":6,"author":{"gitId":"badassengineer"},"content":"public class DukeException extends Exception {","lastModifiedDate":"2022-09-04"},{"lineNumber":7,"author":{"gitId":"badassengineer"},"content":"    public DukeException(String message) {","lastModifiedDate":"2022-09-04"},{"lineNumber":8,"author":{"gitId":"badassengineer"},"content":"        super(message);","lastModifiedDate":"2022-09-04"},{"lineNumber":9,"author":{"gitId":"badassengineer"},"content":"    }","lastModifiedDate":"2022-09-04"},{"lineNumber":10,"author":{"gitId":"badassengineer"},"content":"}","lastModifiedDate":"2022-09-04"}],"authorContributionMap":{"badassengineer":10}},{"path":"src/main/java/duke/task/DeadlineTask.java","fileType":"java","lines":[{"lineNumber":1,"author":{"gitId":"badassengineer"},"content":"package duke.task;","lastModifiedDate":"2022-09-04"},{"lineNumber":2,"author":{"gitId":"badassengineer"},"content":"","lastModifiedDate":"2022-08-25"},{"lineNumber":3,"author":{"gitId":"badassengineer"},"content":"/**","lastModifiedDate":"2022-09-17"},{"lineNumber":4,"author":{"gitId":"badassengineer"},"content":" * This \u003ccode\u003eDeadline\u003c/code\u003e class extends the abstract \u003ccode\u003eTodo\u003c/code\u003e class.","lastModifiedDate":"2022-09-17"},{"lineNumber":5,"author":{"gitId":"badassengineer"},"content":" * Object instantiated by this class returns task with completion day.","lastModifiedDate":"2022-09-17"},{"lineNumber":6,"author":{"gitId":"badassengineer"},"content":" */","lastModifiedDate":"2022-09-17"},{"lineNumber":7,"author":{"gitId":"badassengineer"},"content":"public class DeadlineTask extends Task {","lastModifiedDate":"2022-09-02"},{"lineNumber":8,"author":{"gitId":"badassengineer"},"content":"    public String by;","lastModifiedDate":"2022-09-17"},{"lineNumber":9,"author":{"gitId":"badassengineer"},"content":"","lastModifiedDate":"2022-08-25"},{"lineNumber":10,"author":{"gitId":"badassengineer"},"content":"    public DeadlineTask(String description, String by) {","lastModifiedDate":"2022-09-02"},{"lineNumber":11,"author":{"gitId":"badassengineer"},"content":"        super(description);","lastModifiedDate":"2022-08-25"},{"lineNumber":12,"author":{"gitId":"badassengineer"},"content":"        this.by \u003d by;","lastModifiedDate":"2022-08-25"},{"lineNumber":13,"author":{"gitId":"badassengineer"},"content":"    }","lastModifiedDate":"2022-08-25"},{"lineNumber":14,"author":{"gitId":"badassengineer"},"content":"","lastModifiedDate":"2022-08-25"},{"lineNumber":15,"author":{"gitId":"badassengineer"},"content":"    public DeadlineTask(String description, boolean status, String by) {","lastModifiedDate":"2022-09-17"},{"lineNumber":16,"author":{"gitId":"badassengineer"},"content":"        super(description, status);","lastModifiedDate":"2022-09-17"},{"lineNumber":17,"author":{"gitId":"badassengineer"},"content":"        this.by \u003d by;","lastModifiedDate":"2022-09-17"},{"lineNumber":18,"author":{"gitId":"badassengineer"},"content":"    }","lastModifiedDate":"2022-09-17"},{"lineNumber":19,"author":{"gitId":"badassengineer"},"content":"","lastModifiedDate":"2022-09-17"},{"lineNumber":20,"author":{"gitId":"badassengineer"},"content":"    @Override","lastModifiedDate":"2022-09-17"},{"lineNumber":21,"author":{"gitId":"badassengineer"},"content":"    public String getDetails() {","lastModifiedDate":"2022-09-17"},{"lineNumber":22,"author":{"gitId":"badassengineer"},"content":"        return by;","lastModifiedDate":"2022-09-17"},{"lineNumber":23,"author":{"gitId":"badassengineer"},"content":"    }","lastModifiedDate":"2022-09-17"},{"lineNumber":24,"author":{"gitId":"badassengineer"},"content":"","lastModifiedDate":"2022-09-17"},{"lineNumber":25,"author":{"gitId":"badassengineer"},"content":"    @Override","lastModifiedDate":"2022-08-25"},{"lineNumber":26,"author":{"gitId":"badassengineer"},"content":"//    public String toString() { return \"[D]\" + super.toString() + \" (by: \" + by + \")\"; }","lastModifiedDate":"2022-09-04"},{"lineNumber":27,"author":{"gitId":"badassengineer"},"content":"    public String toString() {","lastModifiedDate":"2022-08-25"},{"lineNumber":28,"author":{"gitId":"badassengineer"},"content":"        return \"[D]\" + \"[\" + getStatusIcon() + \"] \" + getDescription() + \" (by: \" + by + \")\";","lastModifiedDate":"2022-09-04"},{"lineNumber":29,"author":{"gitId":"badassengineer"},"content":"    }","lastModifiedDate":"2022-08-25"},{"lineNumber":30,"author":{"gitId":"badassengineer"},"content":"}","lastModifiedDate":"2022-08-25"}],"authorContributionMap":{"badassengineer":30}},{"path":"src/main/java/duke/task/EventTask.java","fileType":"java","lines":[{"lineNumber":1,"author":{"gitId":"badassengineer"},"content":"package duke.task;","lastModifiedDate":"2022-09-04"},{"lineNumber":2,"author":{"gitId":"badassengineer"},"content":"","lastModifiedDate":"2022-08-25"},{"lineNumber":3,"author":{"gitId":"badassengineer"},"content":"/**","lastModifiedDate":"2022-09-17"},{"lineNumber":4,"author":{"gitId":"badassengineer"},"content":" * This \u003ccode\u003eEvent\u003c/code\u003e class extends the abstract \u003ccode\u003eTodo\u003c/code\u003e class.","lastModifiedDate":"2022-09-17"},{"lineNumber":5,"author":{"gitId":"badassengineer"},"content":" * Object instantiated by this class returns task with specific date of completion.","lastModifiedDate":"2022-09-17"},{"lineNumber":6,"author":{"gitId":"badassengineer"},"content":" */","lastModifiedDate":"2022-09-17"},{"lineNumber":7,"author":{"gitId":"badassengineer"},"content":"public class EventTask extends Task {","lastModifiedDate":"2022-09-02"},{"lineNumber":8,"author":{"gitId":"badassengineer"},"content":"    protected String at;","lastModifiedDate":"2022-08-25"},{"lineNumber":9,"author":{"gitId":"badassengineer"},"content":"","lastModifiedDate":"2022-08-25"},{"lineNumber":10,"author":{"gitId":"badassengineer"},"content":"    public EventTask(String description, String at) {","lastModifiedDate":"2022-09-02"},{"lineNumber":11,"author":{"gitId":"badassengineer"},"content":"        super(description);","lastModifiedDate":"2022-08-25"},{"lineNumber":12,"author":{"gitId":"badassengineer"},"content":"        this.at \u003d at;","lastModifiedDate":"2022-08-25"},{"lineNumber":13,"author":{"gitId":"badassengineer"},"content":"    }","lastModifiedDate":"2022-08-25"},{"lineNumber":14,"author":{"gitId":"badassengineer"},"content":"","lastModifiedDate":"2022-08-25"},{"lineNumber":15,"author":{"gitId":"badassengineer"},"content":"    public EventTask(String description, boolean status, String at) {","lastModifiedDate":"2022-09-17"},{"lineNumber":16,"author":{"gitId":"badassengineer"},"content":"        super(description, status);","lastModifiedDate":"2022-09-17"},{"lineNumber":17,"author":{"gitId":"badassengineer"},"content":"        this.at \u003d at;","lastModifiedDate":"2022-09-17"},{"lineNumber":18,"author":{"gitId":"badassengineer"},"content":"    }","lastModifiedDate":"2022-09-17"},{"lineNumber":19,"author":{"gitId":"badassengineer"},"content":"","lastModifiedDate":"2022-09-17"},{"lineNumber":20,"author":{"gitId":"badassengineer"},"content":"    @Override","lastModifiedDate":"2022-09-17"},{"lineNumber":21,"author":{"gitId":"badassengineer"},"content":"    public String getDetails() {","lastModifiedDate":"2022-09-17"},{"lineNumber":22,"author":{"gitId":"badassengineer"},"content":"        return at;","lastModifiedDate":"2022-09-17"},{"lineNumber":23,"author":{"gitId":"badassengineer"},"content":"    }","lastModifiedDate":"2022-09-17"},{"lineNumber":24,"author":{"gitId":"badassengineer"},"content":"","lastModifiedDate":"2022-09-17"},{"lineNumber":25,"author":{"gitId":"badassengineer"},"content":"    @Override","lastModifiedDate":"2022-08-25"},{"lineNumber":26,"author":{"gitId":"badassengineer"},"content":"//    public String toString() { return \"[E]\" + super.toString() + \" (at: \" + at + \")\"; }","lastModifiedDate":"2022-09-04"},{"lineNumber":27,"author":{"gitId":"badassengineer"},"content":"    public String toString() {","lastModifiedDate":"2022-08-25"},{"lineNumber":28,"author":{"gitId":"badassengineer"},"content":"        return \"[E]\" + \"[\" + getStatusIcon() + \"] \" + getDescription() + \" (at: \" + at + \")\";","lastModifiedDate":"2022-09-04"},{"lineNumber":29,"author":{"gitId":"badassengineer"},"content":"    }","lastModifiedDate":"2022-08-25"},{"lineNumber":30,"author":{"gitId":"badassengineer"},"content":"}","lastModifiedDate":"2022-08-25"}],"authorContributionMap":{"badassengineer":30}},{"path":"src/main/java/duke/task/Task.java","fileType":"java","lines":[{"lineNumber":1,"author":{"gitId":"badassengineer"},"content":"package duke.task;","lastModifiedDate":"2022-09-04"},{"lineNumber":2,"author":{"gitId":"badassengineer"},"content":"","lastModifiedDate":"2022-08-20"},{"lineNumber":3,"author":{"gitId":"badassengineer"},"content":"/**","lastModifiedDate":"2022-09-17"},{"lineNumber":4,"author":{"gitId":"badassengineer"},"content":" * This is the abstract class of different tasks. A \u003ccode\u003eTask\u003c/code\u003e object may be","lastModifiedDate":"2022-09-17"},{"lineNumber":5,"author":{"gitId":"badassengineer"},"content":" * be substituted by \u003ccode\u003eTodo\u003c/code\u003e, \u003ccode\u003eDeadline\u003c/code\u003e or \u003ccode\u003eEvent\u003c/code\u003e class.","lastModifiedDate":"2022-09-17"},{"lineNumber":6,"author":{"gitId":"badassengineer"},"content":" */","lastModifiedDate":"2022-09-17"},{"lineNumber":7,"author":{"gitId":"badassengineer"},"content":"public abstract class Task {","lastModifiedDate":"2022-09-04"},{"lineNumber":8,"author":{"gitId":"badassengineer"},"content":"    protected String description;","lastModifiedDate":"2022-08-20"},{"lineNumber":9,"author":{"gitId":"badassengineer"},"content":"    protected boolean isDone;","lastModifiedDate":"2022-08-20"},{"lineNumber":10,"author":{"gitId":"badassengineer"},"content":"    protected static int totalTask;","lastModifiedDate":"2022-08-25"},{"lineNumber":11,"author":{"gitId":"badassengineer"},"content":"","lastModifiedDate":"2022-08-20"},{"lineNumber":12,"author":{"gitId":"badassengineer"},"content":"    public Task(String description) {","lastModifiedDate":"2022-08-20"},{"lineNumber":13,"author":{"gitId":"badassengineer"},"content":"        this.description \u003d description;","lastModifiedDate":"2022-08-20"},{"lineNumber":14,"author":{"gitId":"badassengineer"},"content":"        this.isDone \u003d false;","lastModifiedDate":"2022-08-20"},{"lineNumber":15,"author":{"gitId":"badassengineer"},"content":"        this.totalTask++;","lastModifiedDate":"2022-08-25"},{"lineNumber":16,"author":{"gitId":"badassengineer"},"content":"    }","lastModifiedDate":"2022-08-20"},{"lineNumber":17,"author":{"gitId":"badassengineer"},"content":"","lastModifiedDate":"2022-08-19"},{"lineNumber":18,"author":{"gitId":"badassengineer"},"content":"    public Task(String description, boolean status) {","lastModifiedDate":"2022-09-17"},{"lineNumber":19,"author":{"gitId":"badassengineer"},"content":"        this.description \u003d description;","lastModifiedDate":"2022-09-17"},{"lineNumber":20,"author":{"gitId":"badassengineer"},"content":"        this.isDone \u003d status;","lastModifiedDate":"2022-09-17"},{"lineNumber":21,"author":{"gitId":"badassengineer"},"content":"        this.totalTask++;","lastModifiedDate":"2022-09-17"},{"lineNumber":22,"author":{"gitId":"badassengineer"},"content":"    }","lastModifiedDate":"2022-09-17"},{"lineNumber":23,"author":{"gitId":"badassengineer"},"content":"","lastModifiedDate":"2022-09-17"},{"lineNumber":24,"author":{"gitId":"badassengineer"},"content":"    public String getStatusIcon() {","lastModifiedDate":"2022-08-20"},{"lineNumber":25,"author":{"gitId":"badassengineer"},"content":"        return (isDone ? \"X\" : \" \"); // mark done task with X","lastModifiedDate":"2022-08-20"},{"lineNumber":26,"author":{"gitId":"badassengineer"},"content":"    }","lastModifiedDate":"2022-08-19"},{"lineNumber":27,"author":{"gitId":"badassengineer"},"content":"","lastModifiedDate":"2022-08-20"},{"lineNumber":28,"author":{"gitId":"badassengineer"},"content":"    public void setStatusIcon(String instruction) {","lastModifiedDate":"2022-08-20"},{"lineNumber":29,"author":{"gitId":"badassengineer"},"content":"        if (instruction \u003d\u003d \"mark\") {","lastModifiedDate":"2022-08-20"},{"lineNumber":30,"author":{"gitId":"badassengineer"},"content":"            isDone \u003d true;","lastModifiedDate":"2022-08-20"},{"lineNumber":31,"author":{"gitId":"badassengineer"},"content":"        }","lastModifiedDate":"2022-08-20"},{"lineNumber":32,"author":{"gitId":"badassengineer"},"content":"        if (instruction \u003d\u003d \"unmark\") {","lastModifiedDate":"2022-08-20"},{"lineNumber":33,"author":{"gitId":"badassengineer"},"content":"            isDone \u003d false;","lastModifiedDate":"2022-08-20"},{"lineNumber":34,"author":{"gitId":"badassengineer"},"content":"        }","lastModifiedDate":"2022-08-19"},{"lineNumber":35,"author":{"gitId":"badassengineer"},"content":"    }","lastModifiedDate":"2022-08-19"},{"lineNumber":36,"author":{"gitId":"badassengineer"},"content":"","lastModifiedDate":"2022-08-20"},{"lineNumber":37,"author":{"gitId":"badassengineer"},"content":"    public String getDescription() {","lastModifiedDate":"2022-08-20"},{"lineNumber":38,"author":{"gitId":"badassengineer"},"content":"        return description;","lastModifiedDate":"2022-08-20"},{"lineNumber":39,"author":{"gitId":"badassengineer"},"content":"    }","lastModifiedDate":"2022-08-19"},{"lineNumber":40,"author":{"gitId":"badassengineer"},"content":"","lastModifiedDate":"2022-08-25"},{"lineNumber":41,"author":{"gitId":"badassengineer"},"content":"    public String getDetails() {return \"\";};","lastModifiedDate":"2022-09-17"},{"lineNumber":42,"author":{"gitId":"badassengineer"},"content":"","lastModifiedDate":"2022-09-17"},{"lineNumber":43,"author":{"gitId":"badassengineer"},"content":"    public static int getTotalTask() {","lastModifiedDate":"2022-08-25"},{"lineNumber":44,"author":{"gitId":"badassengineer"},"content":"        return totalTask;","lastModifiedDate":"2022-08-25"},{"lineNumber":45,"author":{"gitId":"badassengineer"},"content":"    }","lastModifiedDate":"2022-08-25"},{"lineNumber":46,"author":{"gitId":"badassengineer"},"content":"","lastModifiedDate":"2022-08-25"},{"lineNumber":47,"author":{"gitId":"badassengineer"},"content":"    @Override","lastModifiedDate":"2022-08-25"},{"lineNumber":48,"author":{"gitId":"badassengineer"},"content":"    public abstract String toString();","lastModifiedDate":"2022-09-04"},{"lineNumber":49,"author":{"gitId":"badassengineer"},"content":"}","lastModifiedDate":"2022-08-19"}],"authorContributionMap":{"badassengineer":49}},{"path":"src/main/java/duke/task/TodoTask.java","fileType":"java","lines":[{"lineNumber":1,"author":{"gitId":"badassengineer"},"content":"package duke.task;","lastModifiedDate":"2022-09-04"},{"lineNumber":2,"author":{"gitId":"badassengineer"},"content":"","lastModifiedDate":"2022-08-25"},{"lineNumber":3,"author":{"gitId":"badassengineer"},"content":"/**","lastModifiedDate":"2022-09-17"},{"lineNumber":4,"author":{"gitId":"badassengineer"},"content":" * This \u003ccode\u003eTodo\u003c/code\u003e class extends the abstract \u003ccode\u003eTodo\u003c/code\u003e class.","lastModifiedDate":"2022-09-17"},{"lineNumber":5,"author":{"gitId":"badassengineer"},"content":" * Object instantiated by this class returns task that does not require specific date of completion.","lastModifiedDate":"2022-09-17"},{"lineNumber":6,"author":{"gitId":"badassengineer"},"content":" */","lastModifiedDate":"2022-09-17"},{"lineNumber":7,"author":{"gitId":"badassengineer"},"content":"public class TodoTask extends Task {","lastModifiedDate":"2022-09-02"},{"lineNumber":8,"author":{"gitId":"badassengineer"},"content":"    public TodoTask(String description) {","lastModifiedDate":"2022-09-02"},{"lineNumber":9,"author":{"gitId":"badassengineer"},"content":"        super(description);","lastModifiedDate":"2022-08-25"},{"lineNumber":10,"author":{"gitId":"badassengineer"},"content":"    }","lastModifiedDate":"2022-08-25"},{"lineNumber":11,"author":{"gitId":"badassengineer"},"content":"","lastModifiedDate":"2022-08-25"},{"lineNumber":12,"author":{"gitId":"badassengineer"},"content":"    public TodoTask(String description, boolean status) {super(description, status);}","lastModifiedDate":"2022-09-17"},{"lineNumber":13,"author":{"gitId":"badassengineer"},"content":"","lastModifiedDate":"2022-09-17"},{"lineNumber":14,"author":{"gitId":"badassengineer"},"content":"    @Override","lastModifiedDate":"2022-08-25"},{"lineNumber":15,"author":{"gitId":"badassengineer"},"content":"//    public String toString() { return \"[T]\" + super.toString(); }","lastModifiedDate":"2022-09-04"},{"lineNumber":16,"author":{"gitId":"badassengineer"},"content":"    public String toString() { return \"[T]\" + \"[\" + getStatusIcon() + \"] \" + getDescription(); }","lastModifiedDate":"2022-09-04"},{"lineNumber":17,"author":{"gitId":"badassengineer"},"content":"}","lastModifiedDate":"2022-08-25"}],"authorContributionMap":{"badassengineer":17}},{"path":"src/main/java/duke/workingfile/WorkingFile.java","fileType":"java","lines":[{"lineNumber":1,"author":{"gitId":"badassengineer"},"content":"package duke.workingfile;","lastModifiedDate":"2022-09-17"},{"lineNumber":2,"author":{"gitId":"badassengineer"},"content":"import duke.task.DeadlineTask;","lastModifiedDate":"2022-09-17"},{"lineNumber":3,"author":{"gitId":"badassengineer"},"content":"import duke.task.EventTask;","lastModifiedDate":"2022-09-17"},{"lineNumber":4,"author":{"gitId":"badassengineer"},"content":"import duke.task.Task;","lastModifiedDate":"2022-09-17"},{"lineNumber":5,"author":{"gitId":"badassengineer"},"content":"import duke.task.TodoTask;","lastModifiedDate":"2022-09-17"},{"lineNumber":6,"author":{"gitId":"badassengineer"},"content":"import java.io.File;","lastModifiedDate":"2022-09-17"},{"lineNumber":7,"author":{"gitId":"badassengineer"},"content":"import java.io.FileNotFoundException;","lastModifiedDate":"2022-09-17"},{"lineNumber":8,"author":{"gitId":"badassengineer"},"content":"import java.io.IOException;","lastModifiedDate":"2022-09-17"},{"lineNumber":9,"author":{"gitId":"badassengineer"},"content":"import java.nio.file.Files;","lastModifiedDate":"2022-09-17"},{"lineNumber":10,"author":{"gitId":"badassengineer"},"content":"import java.nio.file.Path;","lastModifiedDate":"2022-09-17"},{"lineNumber":11,"author":{"gitId":"badassengineer"},"content":"import java.util.ArrayList;","lastModifiedDate":"2022-09-17"},{"lineNumber":12,"author":{"gitId":"badassengineer"},"content":"import java.util.Scanner;","lastModifiedDate":"2022-09-17"},{"lineNumber":13,"author":{"gitId":"badassengineer"},"content":"","lastModifiedDate":"2022-09-17"},{"lineNumber":14,"author":{"gitId":"badassengineer"},"content":"public class WorkingFile {","lastModifiedDate":"2022-09-17"},{"lineNumber":15,"author":{"gitId":"badassengineer"},"content":"    private Path myDirectory;","lastModifiedDate":"2022-09-17"},{"lineNumber":16,"author":{"gitId":"badassengineer"},"content":"    private Path myPathFile;","lastModifiedDate":"2022-09-17"},{"lineNumber":17,"author":{"gitId":"badassengineer"},"content":"    private ArrayList\u003cTask\u003e myTaskList;","lastModifiedDate":"2022-09-17"},{"lineNumber":18,"author":{"gitId":"badassengineer"},"content":"","lastModifiedDate":"2022-09-17"},{"lineNumber":19,"author":{"gitId":"badassengineer"},"content":"    public WorkingFile(Path directory, Path pathFile, ArrayList\u003cTask\u003e taskList) {","lastModifiedDate":"2022-09-17"},{"lineNumber":20,"author":{"gitId":"badassengineer"},"content":"        myDirectory \u003d directory;","lastModifiedDate":"2022-09-17"},{"lineNumber":21,"author":{"gitId":"badassengineer"},"content":"        myPathFile \u003d pathFile;","lastModifiedDate":"2022-09-17"},{"lineNumber":22,"author":{"gitId":"badassengineer"},"content":"        myTaskList \u003d taskList;","lastModifiedDate":"2022-09-17"},{"lineNumber":23,"author":{"gitId":"badassengineer"},"content":"","lastModifiedDate":"2022-09-17"},{"lineNumber":24,"author":{"gitId":"badassengineer"},"content":"        try {","lastModifiedDate":"2022-09-17"},{"lineNumber":25,"author":{"gitId":"badassengineer"},"content":"            File dir \u003d new File(String.valueOf(directory));","lastModifiedDate":"2022-09-17"},{"lineNumber":26,"author":{"gitId":"badassengineer"},"content":"            if (!dir.exists()) dir.mkdirs();","lastModifiedDate":"2022-09-17"},{"lineNumber":27,"author":{"gitId":"badassengineer"},"content":"            Files.createFile(pathFile);","lastModifiedDate":"2022-09-17"},{"lineNumber":28,"author":{"gitId":"badassengineer"},"content":"        } catch (IOException e) {","lastModifiedDate":"2022-09-17"},{"lineNumber":29,"author":{"gitId":"badassengineer"},"content":"            System.out.println(\"\\n    File already exists at \" + e.getMessage() + \". I will proceed to use this as the working file and update accordingly.\\n\");","lastModifiedDate":"2022-09-17"},{"lineNumber":30,"author":{"gitId":"badassengineer"},"content":"        }","lastModifiedDate":"2022-09-17"},{"lineNumber":31,"author":{"gitId":"badassengineer"},"content":"    }","lastModifiedDate":"2022-09-17"},{"lineNumber":32,"author":{"gitId":"badassengineer"},"content":"","lastModifiedDate":"2022-09-17"},{"lineNumber":33,"author":{"gitId":"badassengineer"},"content":"    public void loadTaskFromFile() {","lastModifiedDate":"2022-09-17"},{"lineNumber":34,"author":{"gitId":"badassengineer"},"content":"        try {","lastModifiedDate":"2022-09-17"},{"lineNumber":35,"author":{"gitId":"badassengineer"},"content":"            File f \u003d myPathFile.toFile();","lastModifiedDate":"2022-09-17"},{"lineNumber":36,"author":{"gitId":"badassengineer"},"content":"            Scanner s \u003d new Scanner(f);","lastModifiedDate":"2022-09-17"},{"lineNumber":37,"author":{"gitId":"badassengineer"},"content":"","lastModifiedDate":"2022-09-17"},{"lineNumber":38,"author":{"gitId":"badassengineer"},"content":"            while (s.hasNext()) {","lastModifiedDate":"2022-09-17"},{"lineNumber":39,"author":{"gitId":"badassengineer"},"content":"                String line \u003d s.nextLine();","lastModifiedDate":"2022-09-17"},{"lineNumber":40,"author":{"gitId":"badassengineer"},"content":"                boolean taskStatus \u003d false;","lastModifiedDate":"2022-09-17"},{"lineNumber":41,"author":{"gitId":"badassengineer"},"content":"","lastModifiedDate":"2022-09-17"},{"lineNumber":42,"author":{"gitId":"badassengineer"},"content":"                if (line.charAt(4) \u003d\u003d \u0027X\u0027) {","lastModifiedDate":"2022-09-17"},{"lineNumber":43,"author":{"gitId":"badassengineer"},"content":"                    taskStatus \u003d true;","lastModifiedDate":"2022-09-17"},{"lineNumber":44,"author":{"gitId":"badassengineer"},"content":"                }","lastModifiedDate":"2022-09-17"},{"lineNumber":45,"author":{"gitId":"badassengineer"},"content":"","lastModifiedDate":"2022-09-17"},{"lineNumber":46,"author":{"gitId":"badassengineer"},"content":"                if (line.startsWith(\"[T]\")) {","lastModifiedDate":"2022-09-17"},{"lineNumber":47,"author":{"gitId":"badassengineer"},"content":"                    loadTask(\"todo \" + line.substring(7), taskStatus);","lastModifiedDate":"2022-09-17"},{"lineNumber":48,"author":{"gitId":"badassengineer"},"content":"                } else if (line.startsWith(\"[D]\")) {","lastModifiedDate":"2022-09-17"},{"lineNumber":49,"author":{"gitId":"badassengineer"},"content":"                    loadTask(\"deadline \" + line.substring(7, line.indexOf(\" (\")) + \" /by \" + line.substring(line.indexOf(\" (\") + 6), taskStatus);","lastModifiedDate":"2022-09-17"},{"lineNumber":50,"author":{"gitId":"badassengineer"},"content":"                } else if (line.startsWith(\"[E]\")) {","lastModifiedDate":"2022-09-17"},{"lineNumber":51,"author":{"gitId":"badassengineer"},"content":"                    loadTask(\"event \" + line.substring(7, line.indexOf(\" (\")) + \" /at \" + line.substring(line.indexOf(\" (\") + 6), taskStatus);","lastModifiedDate":"2022-09-17"},{"lineNumber":52,"author":{"gitId":"badassengineer"},"content":"                }","lastModifiedDate":"2022-09-17"},{"lineNumber":53,"author":{"gitId":"badassengineer"},"content":"            }","lastModifiedDate":"2022-09-17"},{"lineNumber":54,"author":{"gitId":"badassengineer"},"content":"            System.out.println(\"    Currently, you have \" + Task.getTotalTask() + \" task(s) in the list.\\n\");","lastModifiedDate":"2022-09-17"},{"lineNumber":55,"author":{"gitId":"badassengineer"},"content":"        } catch (FileNotFoundException e) {","lastModifiedDate":"2022-09-17"},{"lineNumber":56,"author":{"gitId":"badassengineer"},"content":"            System.out.println(\"File not found: \" + e.getMessage());","lastModifiedDate":"2022-09-17"},{"lineNumber":57,"author":{"gitId":"badassengineer"},"content":"        }","lastModifiedDate":"2022-09-17"},{"lineNumber":58,"author":{"gitId":"badassengineer"},"content":"    }","lastModifiedDate":"2022-09-17"},{"lineNumber":59,"author":{"gitId":"badassengineer"},"content":"","lastModifiedDate":"2022-09-17"},{"lineNumber":60,"author":{"gitId":"badassengineer"},"content":"    public void loadTask(String s, boolean status) {","lastModifiedDate":"2022-09-17"},{"lineNumber":61,"author":{"gitId":"badassengineer"},"content":"        String description;","lastModifiedDate":"2022-09-17"},{"lineNumber":62,"author":{"gitId":"badassengineer"},"content":"        String[] firstWord \u003d s.split(\" \", 2);","lastModifiedDate":"2022-09-17"},{"lineNumber":63,"author":{"gitId":"badassengineer"},"content":"","lastModifiedDate":"2022-09-17"},{"lineNumber":64,"author":{"gitId":"badassengineer"},"content":"        switch (firstWord[0]) {","lastModifiedDate":"2022-09-17"},{"lineNumber":65,"author":{"gitId":"badassengineer"},"content":"            case \"todo\": {","lastModifiedDate":"2022-09-17"},{"lineNumber":66,"author":{"gitId":"badassengineer"},"content":"                description \u003d s.substring(5);","lastModifiedDate":"2022-09-17"},{"lineNumber":67,"author":{"gitId":"badassengineer"},"content":"","lastModifiedDate":"2022-09-17"},{"lineNumber":68,"author":{"gitId":"badassengineer"},"content":"                myTaskList.add(new TodoTask(description, status));","lastModifiedDate":"2022-09-17"},{"lineNumber":69,"author":{"gitId":"badassengineer"},"content":"                break;","lastModifiedDate":"2022-09-17"},{"lineNumber":70,"author":{"gitId":"badassengineer"},"content":"            }","lastModifiedDate":"2022-09-17"},{"lineNumber":71,"author":{"gitId":"badassengineer"},"content":"            case \"deadline\": {","lastModifiedDate":"2022-09-17"},{"lineNumber":72,"author":{"gitId":"badassengineer"},"content":"                description \u003d s.substring(9, s.indexOf(\" /by\"));","lastModifiedDate":"2022-09-17"},{"lineNumber":73,"author":{"gitId":"badassengineer"},"content":"                String by \u003d s.substring(s.indexOf(\"/by\") + 4);","lastModifiedDate":"2022-09-17"},{"lineNumber":74,"author":{"gitId":"badassengineer"},"content":"","lastModifiedDate":"2022-09-17"},{"lineNumber":75,"author":{"gitId":"badassengineer"},"content":"                myTaskList.add(new DeadlineTask(description, status, by));","lastModifiedDate":"2022-09-17"},{"lineNumber":76,"author":{"gitId":"badassengineer"},"content":"                break;","lastModifiedDate":"2022-09-17"},{"lineNumber":77,"author":{"gitId":"badassengineer"},"content":"            }","lastModifiedDate":"2022-09-17"},{"lineNumber":78,"author":{"gitId":"badassengineer"},"content":"            case \"event\": {","lastModifiedDate":"2022-09-17"},{"lineNumber":79,"author":{"gitId":"badassengineer"},"content":"                description \u003d s.substring(6, s.indexOf(\" /at\"));","lastModifiedDate":"2022-09-17"},{"lineNumber":80,"author":{"gitId":"badassengineer"},"content":"                String at \u003d s.substring(s.indexOf(\"/at\") + 4);","lastModifiedDate":"2022-09-17"},{"lineNumber":81,"author":{"gitId":"badassengineer"},"content":"","lastModifiedDate":"2022-09-17"},{"lineNumber":82,"author":{"gitId":"badassengineer"},"content":"                myTaskList.add(new EventTask(description, status, at));","lastModifiedDate":"2022-09-17"},{"lineNumber":83,"author":{"gitId":"badassengineer"},"content":"                break;","lastModifiedDate":"2022-09-17"},{"lineNumber":84,"author":{"gitId":"badassengineer"},"content":"            }","lastModifiedDate":"2022-09-17"},{"lineNumber":85,"author":{"gitId":"badassengineer"},"content":"        }","lastModifiedDate":"2022-09-17"},{"lineNumber":86,"author":{"gitId":"badassengineer"},"content":"    }","lastModifiedDate":"2022-09-17"},{"lineNumber":87,"author":{"gitId":"badassengineer"},"content":"}","lastModifiedDate":"2022-09-17"}],"authorContributionMap":{"badassengineer":87}}]
