[{"path":"src/main/java/Duke.java","fileType":"java","lines":[{"lineNumber":1,"author":{"gitId":"badassengineer"},"content":"import duke.helper.*;","lastModifiedDate":"2022-08-19"},{"lineNumber":2,"author":{"gitId":"badassengineer"},"content":"import java.util.ArrayList;","lastModifiedDate":"2022-08-20"},{"lineNumber":3,"author":{"gitId":"badassengineer"},"content":"import java.util.Scanner;","lastModifiedDate":"2022-08-19"},{"lineNumber":4,"author":{"gitId":"badassengineer"},"content":"","lastModifiedDate":"2022-08-19"},{"lineNumber":5,"author":{"gitId":"-"},"content":"public class Duke {","lastModifiedDate":"2019-07-29"},{"lineNumber":6,"author":{"gitId":"badassengineer"},"content":"    private static ArrayList\u003cTask\u003e taskList \u003d new ArrayList\u003c\u003e();","lastModifiedDate":"2022-08-20"},{"lineNumber":7,"author":{"gitId":"badassengineer"},"content":"","lastModifiedDate":"2022-08-19"},{"lineNumber":8,"author":{"gitId":"badassengineer"},"content":"    public static void echo() {","lastModifiedDate":"2022-08-25"},{"lineNumber":9,"author":{"gitId":"badassengineer"},"content":"        while (true) {","lastModifiedDate":"2022-08-19"},{"lineNumber":10,"author":{"gitId":"badassengineer"},"content":"            String line;","lastModifiedDate":"2022-08-19"},{"lineNumber":11,"author":{"gitId":"badassengineer"},"content":"            Scanner in \u003d new Scanner(System.in);","lastModifiedDate":"2022-08-19"},{"lineNumber":12,"author":{"gitId":"badassengineer"},"content":"            line \u003d in.nextLine();","lastModifiedDate":"2022-08-19"},{"lineNumber":13,"author":{"gitId":"badassengineer"},"content":"","lastModifiedDate":"2022-08-19"},{"lineNumber":14,"author":{"gitId":"badassengineer"},"content":"            System.out.println();","lastModifiedDate":"2022-08-25"},{"lineNumber":15,"author":{"gitId":"badassengineer"},"content":"            if (line.equals(\"bye\")) {","lastModifiedDate":"2022-08-19"},{"lineNumber":16,"author":{"gitId":"badassengineer"},"content":"                System.out.println(\"    Bye. Hope to see you again soon!\");","lastModifiedDate":"2022-08-19"},{"lineNumber":17,"author":{"gitId":"badassengineer"},"content":"                break;","lastModifiedDate":"2022-08-19"},{"lineNumber":18,"author":{"gitId":"badassengineer"},"content":"            } else if (line.equals(\"list\")) {","lastModifiedDate":"2022-08-19"},{"lineNumber":19,"author":{"gitId":"badassengineer"},"content":"                if (taskList.isEmpty()) {","lastModifiedDate":"2022-08-20"},{"lineNumber":20,"author":{"gitId":"badassengineer"},"content":"                    System.out.println(\"    The list is empty!\");","lastModifiedDate":"2022-08-20"},{"lineNumber":21,"author":{"gitId":"badassengineer"},"content":"                } else {","lastModifiedDate":"2022-08-19"},{"lineNumber":22,"author":{"gitId":"badassengineer"},"content":"                    System.out.println(\"    Here are the tasks in your list:\");","lastModifiedDate":"2022-08-25"},{"lineNumber":23,"author":{"gitId":"badassengineer"},"content":"                    for (int i \u003d 0; i \u003c taskList.size(); i++) {","lastModifiedDate":"2022-08-20"},{"lineNumber":24,"author":{"gitId":"badassengineer"},"content":"                        System.out.println(\"      \" + (i+1) + \".\" + (taskList.get(i)));","lastModifiedDate":"2022-08-25"},{"lineNumber":25,"author":{"gitId":"badassengineer"},"content":"                    }","lastModifiedDate":"2022-08-20"},{"lineNumber":26,"author":{"gitId":"badassengineer"},"content":"                }","lastModifiedDate":"2022-08-20"},{"lineNumber":27,"author":{"gitId":"badassengineer"},"content":"            } else if (line.startsWith(\"mark\")) {","lastModifiedDate":"2022-08-20"},{"lineNumber":28,"author":{"gitId":"badassengineer"},"content":"                int taskIndex \u003d Integer.parseInt(line.substring(5)) - 1;","lastModifiedDate":"2022-08-20"},{"lineNumber":29,"author":{"gitId":"badassengineer"},"content":"","lastModifiedDate":"2022-08-20"},{"lineNumber":30,"author":{"gitId":"badassengineer"},"content":"                taskList.get(taskIndex).setStatusIcon(\"mark\");","lastModifiedDate":"2022-08-20"},{"lineNumber":31,"author":{"gitId":"badassengineer"},"content":"","lastModifiedDate":"2022-08-20"},{"lineNumber":32,"author":{"gitId":"badassengineer"},"content":"                System.out.println(\"    Nice! I\u0027ve marked this task as done:\");","lastModifiedDate":"2022-08-20"},{"lineNumber":33,"author":{"gitId":"badassengineer"},"content":"                System.out.println(\"      \" + taskList.get(taskIndex));","lastModifiedDate":"2022-08-25"},{"lineNumber":34,"author":{"gitId":"badassengineer"},"content":"            } else if (line.startsWith(\"unmark\")) {","lastModifiedDate":"2022-08-20"},{"lineNumber":35,"author":{"gitId":"badassengineer"},"content":"                int taskIndex \u003d Integer.parseInt(line.substring(7)) - 1;","lastModifiedDate":"2022-08-20"},{"lineNumber":36,"author":{"gitId":"badassengineer"},"content":"","lastModifiedDate":"2022-08-20"},{"lineNumber":37,"author":{"gitId":"badassengineer"},"content":"                taskList.get(taskIndex).setStatusIcon(\"unmark\");","lastModifiedDate":"2022-08-20"},{"lineNumber":38,"author":{"gitId":"badassengineer"},"content":"","lastModifiedDate":"2022-08-20"},{"lineNumber":39,"author":{"gitId":"badassengineer"},"content":"                System.out.println(\"    OK, I\u0027ve marked this task as not done yet:\");","lastModifiedDate":"2022-08-20"},{"lineNumber":40,"author":{"gitId":"badassengineer"},"content":"                System.out.println(\"      \" + taskList.get(taskIndex));","lastModifiedDate":"2022-08-25"},{"lineNumber":41,"author":{"gitId":"badassengineer"},"content":"            } else {","lastModifiedDate":"2022-08-20"},{"lineNumber":42,"author":{"gitId":"badassengineer"},"content":"                boolean isIncluded \u003d false;","lastModifiedDate":"2022-08-20"},{"lineNumber":43,"author":{"gitId":"badassengineer"},"content":"","lastModifiedDate":"2022-08-20"},{"lineNumber":44,"author":{"gitId":"badassengineer"},"content":"                for (Task task : taskList) {","lastModifiedDate":"2022-08-20"},{"lineNumber":45,"author":{"gitId":"badassengineer"},"content":"                    if (task.getDescription().equals(line)) {","lastModifiedDate":"2022-08-20"},{"lineNumber":46,"author":{"gitId":"badassengineer"},"content":"                        isIncluded \u003d true;","lastModifiedDate":"2022-08-20"},{"lineNumber":47,"author":{"gitId":"badassengineer"},"content":"                        break;","lastModifiedDate":"2022-08-20"},{"lineNumber":48,"author":{"gitId":"badassengineer"},"content":"                    }","lastModifiedDate":"2022-08-20"},{"lineNumber":49,"author":{"gitId":"badassengineer"},"content":"                }","lastModifiedDate":"2022-08-20"},{"lineNumber":50,"author":{"gitId":"badassengineer"},"content":"","lastModifiedDate":"2022-08-20"},{"lineNumber":51,"author":{"gitId":"badassengineer"},"content":"                if (isIncluded) {","lastModifiedDate":"2022-08-20"},{"lineNumber":52,"author":{"gitId":"badassengineer"},"content":"                    System.out.println(\"The current list contains this item.\");","lastModifiedDate":"2022-08-20"},{"lineNumber":53,"author":{"gitId":"badassengineer"},"content":"                } else {","lastModifiedDate":"2022-08-25"},{"lineNumber":54,"author":{"gitId":"badassengineer"},"content":"                    System.out.println(\"     Got it. I\u0027ve added this task:\");","lastModifiedDate":"2022-08-25"},{"lineNumber":55,"author":{"gitId":"badassengineer"},"content":"                    if (line.contains(\"todo\")) {","lastModifiedDate":"2022-08-25"},{"lineNumber":56,"author":{"gitId":"badassengineer"},"content":"                        String description \u003d line.substring(5);","lastModifiedDate":"2022-08-25"},{"lineNumber":57,"author":{"gitId":"badassengineer"},"content":"","lastModifiedDate":"2022-08-25"},{"lineNumber":58,"author":{"gitId":"badassengineer"},"content":"                        taskList.add(new TodoTask(description));","lastModifiedDate":"2022-09-02"},{"lineNumber":59,"author":{"gitId":"badassengineer"},"content":"                        System.out.println(\"       \" + (taskList.get(taskList.size() - 1)));","lastModifiedDate":"2022-08-25"},{"lineNumber":60,"author":{"gitId":"badassengineer"},"content":"                    } else if (line.contains(\"deadline\")) {","lastModifiedDate":"2022-08-25"},{"lineNumber":61,"author":{"gitId":"badassengineer"},"content":"                        String description \u003d line.substring(9, line.indexOf(\" /by\"));","lastModifiedDate":"2022-08-25"},{"lineNumber":62,"author":{"gitId":"badassengineer"},"content":"                        String by \u003d line.substring(line.indexOf(\"/by\") + 4);","lastModifiedDate":"2022-08-25"},{"lineNumber":63,"author":{"gitId":"badassengineer"},"content":"","lastModifiedDate":"2022-08-25"},{"lineNumber":64,"author":{"gitId":"badassengineer"},"content":"                        taskList.add(new DeadlineTask(description, by));","lastModifiedDate":"2022-09-02"},{"lineNumber":65,"author":{"gitId":"badassengineer"},"content":"                        System.out.println(\"       \" + (taskList.get(taskList.size() - 1)));","lastModifiedDate":"2022-08-25"},{"lineNumber":66,"author":{"gitId":"badassengineer"},"content":"                    } else if (line.contains(\"event\")) {","lastModifiedDate":"2022-08-25"},{"lineNumber":67,"author":{"gitId":"badassengineer"},"content":"                        String description \u003d line.substring(6, line.indexOf(\" /at\"));","lastModifiedDate":"2022-08-25"},{"lineNumber":68,"author":{"gitId":"badassengineer"},"content":"                        String at \u003d line.substring(line.indexOf(\"/at\") + 4);","lastModifiedDate":"2022-08-25"},{"lineNumber":69,"author":{"gitId":"badassengineer"},"content":"","lastModifiedDate":"2022-08-25"},{"lineNumber":70,"author":{"gitId":"badassengineer"},"content":"                        taskList.add(new EventTask(description, at));","lastModifiedDate":"2022-09-02"},{"lineNumber":71,"author":{"gitId":"badassengineer"},"content":"                        System.out.println(\"       \" + (taskList.get(taskList.size() - 1)));","lastModifiedDate":"2022-08-25"},{"lineNumber":72,"author":{"gitId":"badassengineer"},"content":"                    } else {","lastModifiedDate":"2022-08-20"},{"lineNumber":73,"author":{"gitId":"badassengineer"},"content":"                        taskList.add(new Task(line));","lastModifiedDate":"2022-08-20"},{"lineNumber":74,"author":{"gitId":"badassengineer"},"content":"                        System.out.println(\"       added: \" + (taskList.get(taskList.size() - 1)));","lastModifiedDate":"2022-08-25"},{"lineNumber":75,"author":{"gitId":"badassengineer"},"content":"                    }","lastModifiedDate":"2022-08-19"},{"lineNumber":76,"author":{"gitId":"badassengineer"},"content":"                    System.out.println(\"     Now you have \" + Task.getTotalTask() + \" task(s) in the list.\");","lastModifiedDate":"2022-08-25"},{"lineNumber":77,"author":{"gitId":"badassengineer"},"content":"                }","lastModifiedDate":"2022-08-19"},{"lineNumber":78,"author":{"gitId":"-"},"content":"            }","lastModifiedDate":"2019-07-29"},{"lineNumber":79,"author":{"gitId":"badassengineer"},"content":"            System.out.println();","lastModifiedDate":"2022-08-25"},{"lineNumber":80,"author":{"gitId":"badassengineer"},"content":"        }","lastModifiedDate":"2022-08-25"},{"lineNumber":81,"author":{"gitId":"badassengineer"},"content":"    }","lastModifiedDate":"2022-08-25"},{"lineNumber":82,"author":{"gitId":"-"},"content":"    public static void main(String[] args) {","lastModifiedDate":"2022-08-25"},{"lineNumber":83,"author":{"gitId":"-"},"content":"        String logo \u003d \" ____        _        \\n\"","lastModifiedDate":"2022-08-25"},{"lineNumber":84,"author":{"gitId":"-"},"content":"                + \"|  _ \\\\ _   _| | _____ \\n\"","lastModifiedDate":"2022-08-25"},{"lineNumber":85,"author":{"gitId":"-"},"content":"                + \"| | | | | | | |/ / _ \\\\\\n\"","lastModifiedDate":"2022-08-25"},{"lineNumber":86,"author":{"gitId":"-"},"content":"                + \"| |_| | |_| |   \u003c  __/\\n\"","lastModifiedDate":"2022-08-25"},{"lineNumber":87,"author":{"gitId":"-"},"content":"                + \"|____/ \\\\__,_|_|\\\\_\\\\___|\\n\";","lastModifiedDate":"2022-08-25"},{"lineNumber":88,"author":{"gitId":"-"},"content":"        System.out.println(\"Hello from\\n\" + logo);","lastModifiedDate":"2022-08-25"},{"lineNumber":89,"author":{"gitId":"badassengineer"},"content":"        System.out.println();","lastModifiedDate":"2022-08-25"},{"lineNumber":90,"author":{"gitId":"badassengineer"},"content":"        System.out.println(\"Hello! I\u0027m Duke\" + System.lineSeparator() + \"What can I do for you?\");","lastModifiedDate":"2022-08-25"},{"lineNumber":91,"author":{"gitId":"badassengineer"},"content":"        System.out.println();","lastModifiedDate":"2022-08-25"},{"lineNumber":92,"author":{"gitId":"badassengineer"},"content":"","lastModifiedDate":"2022-08-25"},{"lineNumber":93,"author":{"gitId":"badassengineer"},"content":"        echo();","lastModifiedDate":"2022-08-25"},{"lineNumber":94,"author":{"gitId":"-"},"content":"    }","lastModifiedDate":"2019-07-29"},{"lineNumber":95,"author":{"gitId":"-"},"content":"}","lastModifiedDate":"2022-08-20"},{"lineNumber":96,"author":{"gitId":"badassengineer"},"content":"","lastModifiedDate":"2022-08-20"}],"authorContributionMap":{"badassengineer":85,"-":11}},{"path":"src/main/java/duke/helper/DeadlineTask.java","fileType":"java","lines":[{"lineNumber":1,"author":{"gitId":"badassengineer"},"content":"package duke.helper;","lastModifiedDate":"2022-08-25"},{"lineNumber":2,"author":{"gitId":"badassengineer"},"content":"","lastModifiedDate":"2022-08-25"},{"lineNumber":3,"author":{"gitId":"badassengineer"},"content":"public class DeadlineTask extends Task {","lastModifiedDate":"2022-09-02"},{"lineNumber":4,"author":{"gitId":"badassengineer"},"content":"    protected String by;","lastModifiedDate":"2022-08-25"},{"lineNumber":5,"author":{"gitId":"badassengineer"},"content":"","lastModifiedDate":"2022-08-25"},{"lineNumber":6,"author":{"gitId":"badassengineer"},"content":"    public DeadlineTask(String description, String by) {","lastModifiedDate":"2022-09-02"},{"lineNumber":7,"author":{"gitId":"badassengineer"},"content":"        super(description);","lastModifiedDate":"2022-08-25"},{"lineNumber":8,"author":{"gitId":"badassengineer"},"content":"        this.by \u003d by;","lastModifiedDate":"2022-08-25"},{"lineNumber":9,"author":{"gitId":"badassengineer"},"content":"    }","lastModifiedDate":"2022-08-25"},{"lineNumber":10,"author":{"gitId":"badassengineer"},"content":"","lastModifiedDate":"2022-08-25"},{"lineNumber":11,"author":{"gitId":"badassengineer"},"content":"    @Override","lastModifiedDate":"2022-08-25"},{"lineNumber":12,"author":{"gitId":"badassengineer"},"content":"    public String toString() {","lastModifiedDate":"2022-08-25"},{"lineNumber":13,"author":{"gitId":"badassengineer"},"content":"        return \"[D]\" + super.toString() + \" (by: \" + by + \")\";","lastModifiedDate":"2022-08-25"},{"lineNumber":14,"author":{"gitId":"badassengineer"},"content":"    }","lastModifiedDate":"2022-08-25"},{"lineNumber":15,"author":{"gitId":"badassengineer"},"content":"}","lastModifiedDate":"2022-08-25"}],"authorContributionMap":{"badassengineer":15}},{"path":"src/main/java/duke/helper/EventTask.java","fileType":"java","lines":[{"lineNumber":1,"author":{"gitId":"badassengineer"},"content":"package duke.helper;","lastModifiedDate":"2022-08-25"},{"lineNumber":2,"author":{"gitId":"badassengineer"},"content":"","lastModifiedDate":"2022-08-25"},{"lineNumber":3,"author":{"gitId":"badassengineer"},"content":"public class EventTask extends Task {","lastModifiedDate":"2022-09-02"},{"lineNumber":4,"author":{"gitId":"badassengineer"},"content":"    protected String at;","lastModifiedDate":"2022-08-25"},{"lineNumber":5,"author":{"gitId":"badassengineer"},"content":"","lastModifiedDate":"2022-08-25"},{"lineNumber":6,"author":{"gitId":"badassengineer"},"content":"    public EventTask(String description, String at) {","lastModifiedDate":"2022-09-02"},{"lineNumber":7,"author":{"gitId":"badassengineer"},"content":"        super(description);","lastModifiedDate":"2022-08-25"},{"lineNumber":8,"author":{"gitId":"badassengineer"},"content":"        this.at \u003d at;","lastModifiedDate":"2022-08-25"},{"lineNumber":9,"author":{"gitId":"badassengineer"},"content":"    }","lastModifiedDate":"2022-08-25"},{"lineNumber":10,"author":{"gitId":"badassengineer"},"content":"","lastModifiedDate":"2022-08-25"},{"lineNumber":11,"author":{"gitId":"badassengineer"},"content":"    @Override","lastModifiedDate":"2022-08-25"},{"lineNumber":12,"author":{"gitId":"badassengineer"},"content":"    public String toString() {","lastModifiedDate":"2022-08-25"},{"lineNumber":13,"author":{"gitId":"badassengineer"},"content":"        return \"[E]\" + super.toString() + \" (at: \" + at + \")\";","lastModifiedDate":"2022-08-25"},{"lineNumber":14,"author":{"gitId":"badassengineer"},"content":"    }","lastModifiedDate":"2022-08-25"},{"lineNumber":15,"author":{"gitId":"badassengineer"},"content":"}","lastModifiedDate":"2022-08-25"}],"authorContributionMap":{"badassengineer":15}},{"path":"src/main/java/duke/helper/Task.java","fileType":"java","lines":[{"lineNumber":1,"author":{"gitId":"badassengineer"},"content":"package duke.helper;","lastModifiedDate":"2022-08-19"},{"lineNumber":2,"author":{"gitId":"badassengineer"},"content":"","lastModifiedDate":"2022-08-20"},{"lineNumber":3,"author":{"gitId":"badassengineer"},"content":"public class Task {","lastModifiedDate":"2022-08-19"},{"lineNumber":4,"author":{"gitId":"badassengineer"},"content":"    protected String description;","lastModifiedDate":"2022-08-20"},{"lineNumber":5,"author":{"gitId":"badassengineer"},"content":"    protected boolean isDone;","lastModifiedDate":"2022-08-20"},{"lineNumber":6,"author":{"gitId":"badassengineer"},"content":"    protected static int totalTask;","lastModifiedDate":"2022-08-25"},{"lineNumber":7,"author":{"gitId":"badassengineer"},"content":"","lastModifiedDate":"2022-08-20"},{"lineNumber":8,"author":{"gitId":"badassengineer"},"content":"    public Task(String description) {","lastModifiedDate":"2022-08-20"},{"lineNumber":9,"author":{"gitId":"badassengineer"},"content":"        this.description \u003d description;","lastModifiedDate":"2022-08-20"},{"lineNumber":10,"author":{"gitId":"badassengineer"},"content":"        this.isDone \u003d false;","lastModifiedDate":"2022-08-20"},{"lineNumber":11,"author":{"gitId":"badassengineer"},"content":"        this.totalTask++;","lastModifiedDate":"2022-08-25"},{"lineNumber":12,"author":{"gitId":"badassengineer"},"content":"    }","lastModifiedDate":"2022-08-20"},{"lineNumber":13,"author":{"gitId":"badassengineer"},"content":"","lastModifiedDate":"2022-08-19"},{"lineNumber":14,"author":{"gitId":"badassengineer"},"content":"    public String getStatusIcon() {","lastModifiedDate":"2022-08-20"},{"lineNumber":15,"author":{"gitId":"badassengineer"},"content":"        return (isDone ? \"X\" : \" \"); // mark done task with X","lastModifiedDate":"2022-08-20"},{"lineNumber":16,"author":{"gitId":"badassengineer"},"content":"    }","lastModifiedDate":"2022-08-19"},{"lineNumber":17,"author":{"gitId":"badassengineer"},"content":"","lastModifiedDate":"2022-08-20"},{"lineNumber":18,"author":{"gitId":"badassengineer"},"content":"    public void setStatusIcon(String instruction) {","lastModifiedDate":"2022-08-20"},{"lineNumber":19,"author":{"gitId":"badassengineer"},"content":"        if (instruction \u003d\u003d \"mark\") {","lastModifiedDate":"2022-08-20"},{"lineNumber":20,"author":{"gitId":"badassengineer"},"content":"            isDone \u003d true;","lastModifiedDate":"2022-08-20"},{"lineNumber":21,"author":{"gitId":"badassengineer"},"content":"        }","lastModifiedDate":"2022-08-20"},{"lineNumber":22,"author":{"gitId":"badassengineer"},"content":"        if (instruction \u003d\u003d \"unmark\") {","lastModifiedDate":"2022-08-20"},{"lineNumber":23,"author":{"gitId":"badassengineer"},"content":"            isDone \u003d false;","lastModifiedDate":"2022-08-20"},{"lineNumber":24,"author":{"gitId":"badassengineer"},"content":"        }","lastModifiedDate":"2022-08-19"},{"lineNumber":25,"author":{"gitId":"badassengineer"},"content":"    }","lastModifiedDate":"2022-08-19"},{"lineNumber":26,"author":{"gitId":"badassengineer"},"content":"","lastModifiedDate":"2022-08-20"},{"lineNumber":27,"author":{"gitId":"badassengineer"},"content":"    public String getDescription() {","lastModifiedDate":"2022-08-20"},{"lineNumber":28,"author":{"gitId":"badassengineer"},"content":"        return description;","lastModifiedDate":"2022-08-20"},{"lineNumber":29,"author":{"gitId":"badassengineer"},"content":"    }","lastModifiedDate":"2022-08-19"},{"lineNumber":30,"author":{"gitId":"badassengineer"},"content":"","lastModifiedDate":"2022-08-25"},{"lineNumber":31,"author":{"gitId":"badassengineer"},"content":"    public static int getTotalTask() {","lastModifiedDate":"2022-08-25"},{"lineNumber":32,"author":{"gitId":"badassengineer"},"content":"        return totalTask;","lastModifiedDate":"2022-08-25"},{"lineNumber":33,"author":{"gitId":"badassengineer"},"content":"    }","lastModifiedDate":"2022-08-25"},{"lineNumber":34,"author":{"gitId":"badassengineer"},"content":"","lastModifiedDate":"2022-08-25"},{"lineNumber":35,"author":{"gitId":"badassengineer"},"content":"    @Override","lastModifiedDate":"2022-08-25"},{"lineNumber":36,"author":{"gitId":"badassengineer"},"content":"    public String toString() {","lastModifiedDate":"2022-08-25"},{"lineNumber":37,"author":{"gitId":"badassengineer"},"content":"        return \"[\" + getStatusIcon() + \"] \" + getDescription();","lastModifiedDate":"2022-08-25"},{"lineNumber":38,"author":{"gitId":"badassengineer"},"content":"    }","lastModifiedDate":"2022-08-25"},{"lineNumber":39,"author":{"gitId":"badassengineer"},"content":"}","lastModifiedDate":"2022-08-19"}],"authorContributionMap":{"badassengineer":39}},{"path":"src/main/java/duke/helper/TodoTask.java","fileType":"java","lines":[{"lineNumber":1,"author":{"gitId":"badassengineer"},"content":"package duke.helper;","lastModifiedDate":"2022-08-25"},{"lineNumber":2,"author":{"gitId":"badassengineer"},"content":"","lastModifiedDate":"2022-08-25"},{"lineNumber":3,"author":{"gitId":"badassengineer"},"content":"public class TodoTask extends Task {","lastModifiedDate":"2022-09-02"},{"lineNumber":4,"author":{"gitId":"badassengineer"},"content":"    public TodoTask(String description) {","lastModifiedDate":"2022-09-02"},{"lineNumber":5,"author":{"gitId":"badassengineer"},"content":"        super(description);","lastModifiedDate":"2022-08-25"},{"lineNumber":6,"author":{"gitId":"badassengineer"},"content":"    }","lastModifiedDate":"2022-08-25"},{"lineNumber":7,"author":{"gitId":"badassengineer"},"content":"","lastModifiedDate":"2022-08-25"},{"lineNumber":8,"author":{"gitId":"badassengineer"},"content":"    @Override","lastModifiedDate":"2022-08-25"},{"lineNumber":9,"author":{"gitId":"badassengineer"},"content":"    public String toString() {","lastModifiedDate":"2022-08-25"},{"lineNumber":10,"author":{"gitId":"badassengineer"},"content":"        return \"[T]\" + super.toString();","lastModifiedDate":"2022-08-25"},{"lineNumber":11,"author":{"gitId":"badassengineer"},"content":"    }","lastModifiedDate":"2022-08-25"},{"lineNumber":12,"author":{"gitId":"badassengineer"},"content":"}","lastModifiedDate":"2022-08-25"}],"authorContributionMap":{"badassengineer":12}}]
