[{"path":"src/main/java/Duke.java","fileType":"java","lines":[{"lineNumber":1,"author":{"gitId":"badassengineer"},"content":"import duke.task.*;","lastModifiedDate":"2022-09-04"},{"lineNumber":2,"author":{"gitId":"badassengineer"},"content":"import duke.exception.DukeException;","lastModifiedDate":"2022-09-04"},{"lineNumber":3,"author":{"gitId":"badassengineer"},"content":"import java.util.ArrayList;","lastModifiedDate":"2022-08-20"},{"lineNumber":4,"author":{"gitId":"badassengineer"},"content":"import java.util.Scanner;","lastModifiedDate":"2022-08-19"},{"lineNumber":5,"author":{"gitId":"badassengineer"},"content":"","lastModifiedDate":"2022-08-19"},{"lineNumber":6,"author":{"gitId":"-"},"content":"public class Duke {","lastModifiedDate":"2019-07-29"},{"lineNumber":7,"author":{"gitId":"badassengineer"},"content":"    private static ArrayList\u003cTask\u003e taskList \u003d new ArrayList\u003c\u003e();","lastModifiedDate":"2022-08-20"},{"lineNumber":8,"author":{"gitId":"badassengineer"},"content":"","lastModifiedDate":"2022-08-19"},{"lineNumber":9,"author":{"gitId":"badassengineer"},"content":"    public static void filterInput() throws DukeException {","lastModifiedDate":"2022-09-04"},{"lineNumber":10,"author":{"gitId":"badassengineer"},"content":"        String line;","lastModifiedDate":"2022-09-04"},{"lineNumber":11,"author":{"gitId":"badassengineer"},"content":"        Scanner in \u003d new Scanner(System.in);","lastModifiedDate":"2022-09-04"},{"lineNumber":12,"author":{"gitId":"badassengineer"},"content":"        line \u003d in.nextLine();","lastModifiedDate":"2022-09-04"},{"lineNumber":13,"author":{"gitId":"badassengineer"},"content":"","lastModifiedDate":"2022-09-04"},{"lineNumber":14,"author":{"gitId":"badassengineer"},"content":"        System.out.println();","lastModifiedDate":"2022-09-04"},{"lineNumber":15,"author":{"gitId":"badassengineer"},"content":"","lastModifiedDate":"2022-09-04"},{"lineNumber":16,"author":{"gitId":"badassengineer"},"content":"        try {","lastModifiedDate":"2022-09-04"},{"lineNumber":17,"author":{"gitId":"badassengineer"},"content":"            if ((line.startsWith(\"bye\")) || (line.startsWith(\"list\")) || (line.startsWith(\"mark\")) || line.startsWith(\"unmark\") || line.startsWith(\"delete\")) {","lastModifiedDate":"2022-09-10"},{"lineNumber":18,"author":{"gitId":"badassengineer"},"content":"                operateOnTasks(line);","lastModifiedDate":"2022-09-04"},{"lineNumber":19,"author":{"gitId":"badassengineer"},"content":"            } else if ((line.startsWith(\"todo\")) || (line.startsWith(\"deadline\")) || (line.startsWith(\"event\"))) {","lastModifiedDate":"2022-09-04"},{"lineNumber":20,"author":{"gitId":"badassengineer"},"content":"                if (line.equals(\"todo\") || line.equals(\"deadline\") || line.equals(\"event\")) {","lastModifiedDate":"2022-09-04"},{"lineNumber":21,"author":{"gitId":"badassengineer"},"content":"                    throw new DukeException(\"\\u2639 \" + line + \" keyword must not be empty!\");","lastModifiedDate":"2022-09-04"},{"lineNumber":22,"author":{"gitId":"badassengineer"},"content":"                } else if (line.equals(\"todo \") || line.equals(\"deadline \") || line.equals(\"event \")) {","lastModifiedDate":"2022-09-04"},{"lineNumber":23,"author":{"gitId":"badassengineer"},"content":"                    throw new DukeException(\"\\u2639 \" + line + \"keyword must not be empty!\");","lastModifiedDate":"2022-09-04"},{"lineNumber":24,"author":{"gitId":"badassengineer"},"content":"                } else {","lastModifiedDate":"2022-09-04"},{"lineNumber":25,"author":{"gitId":"badassengineer"},"content":"                    addTask(line);","lastModifiedDate":"2022-09-04"},{"lineNumber":26,"author":{"gitId":"badassengineer"},"content":"                }","lastModifiedDate":"2022-09-04"},{"lineNumber":27,"author":{"gitId":"badassengineer"},"content":"            } else {","lastModifiedDate":"2022-09-04"},{"lineNumber":28,"author":{"gitId":"badassengineer"},"content":"                throw new DukeException(\"\\u2639 \" + \"OOPS!!! I\u0027m sorry, but I don\u0027t know what that means :-(\");","lastModifiedDate":"2022-09-04"},{"lineNumber":29,"author":{"gitId":"badassengineer"},"content":"            }","lastModifiedDate":"2022-09-04"},{"lineNumber":30,"author":{"gitId":"badassengineer"},"content":"        } catch (ArrayIndexOutOfBoundsException e) {","lastModifiedDate":"2022-09-04"},{"lineNumber":31,"author":{"gitId":"badassengineer"},"content":"            throw new DukeException(\"\\u2639 \" + line + \" keyword must be succeeded with valid, new task\");","lastModifiedDate":"2022-09-04"},{"lineNumber":32,"author":{"gitId":"badassengineer"},"content":"        } catch (StringIndexOutOfBoundsException e) {","lastModifiedDate":"2022-09-10"},{"lineNumber":33,"author":{"gitId":"badassengineer"},"content":"            throw new DukeException(\"\\u2639 \" + \"Check the Duke basic input commands!!! Correct input format must be provided.\");","lastModifiedDate":"2022-09-10"},{"lineNumber":34,"author":{"gitId":"badassengineer"},"content":"        }","lastModifiedDate":"2022-09-04"},{"lineNumber":35,"author":{"gitId":"badassengineer"},"content":"        System.out.println();","lastModifiedDate":"2022-09-04"},{"lineNumber":36,"author":{"gitId":"badassengineer"},"content":"    }","lastModifiedDate":"2022-09-04"},{"lineNumber":37,"author":{"gitId":"badassengineer"},"content":"","lastModifiedDate":"2022-09-04"},{"lineNumber":38,"author":{"gitId":"badassengineer"},"content":"    public static void operateOnTasks(String s) throws DukeException {","lastModifiedDate":"2022-09-04"},{"lineNumber":39,"author":{"gitId":"badassengineer"},"content":"        String firstWord[] \u003d s.split(\" \", 2);","lastModifiedDate":"2022-09-03"},{"lineNumber":40,"author":{"gitId":"badassengineer"},"content":"","lastModifiedDate":"2022-08-19"},{"lineNumber":41,"author":{"gitId":"badassengineer"},"content":"        switch (firstWord[0]) {","lastModifiedDate":"2022-09-03"},{"lineNumber":42,"author":{"gitId":"badassengineer"},"content":"            case \"bye\":","lastModifiedDate":"2022-09-04"},{"lineNumber":43,"author":{"gitId":"badassengineer"},"content":"                System.out.println(\"    Bye. Hope to see you again soon!\");","lastModifiedDate":"2022-09-04"},{"lineNumber":44,"author":{"gitId":"badassengineer"},"content":"                System.exit(0);","lastModifiedDate":"2022-09-04"},{"lineNumber":45,"author":{"gitId":"badassengineer"},"content":"                break;","lastModifiedDate":"2022-09-04"},{"lineNumber":46,"author":{"gitId":"badassengineer"},"content":"            case \"list\":","lastModifiedDate":"2022-09-03"},{"lineNumber":47,"author":{"gitId":"badassengineer"},"content":"                if (taskList.isEmpty()) {","lastModifiedDate":"2022-08-20"},{"lineNumber":48,"author":{"gitId":"badassengineer"},"content":"                    throw new DukeException(\"    The list is empty!\");","lastModifiedDate":"2022-09-04"},{"lineNumber":49,"author":{"gitId":"badassengineer"},"content":"                } else {","lastModifiedDate":"2022-08-19"},{"lineNumber":50,"author":{"gitId":"badassengineer"},"content":"                    System.out.println(\"    Here are the task(s) in your list:\");","lastModifiedDate":"2022-09-04"},{"lineNumber":51,"author":{"gitId":"badassengineer"},"content":"                    for (int i \u003d 0; i \u003c taskList.size(); i++) {","lastModifiedDate":"2022-08-20"},{"lineNumber":52,"author":{"gitId":"badassengineer"},"content":"                        System.out.println(\"      \" + (i + 1) + \".\" + (taskList.get(i)));","lastModifiedDate":"2022-08-25"},{"lineNumber":53,"author":{"gitId":"badassengineer"},"content":"                    }","lastModifiedDate":"2022-08-20"},{"lineNumber":54,"author":{"gitId":"badassengineer"},"content":"                }","lastModifiedDate":"2022-08-20"},{"lineNumber":55,"author":{"gitId":"badassengineer"},"content":"                break;","lastModifiedDate":"2022-09-03"},{"lineNumber":56,"author":{"gitId":"badassengineer"},"content":"            case \"mark\":","lastModifiedDate":"2022-09-03"},{"lineNumber":57,"author":{"gitId":"badassengineer"},"content":"                try {","lastModifiedDate":"2022-09-04"},{"lineNumber":58,"author":{"gitId":"badassengineer"},"content":"                    int markTaskIndex \u003d Integer.parseInt(s.substring(5)) - 1;","lastModifiedDate":"2022-09-03"},{"lineNumber":59,"author":{"gitId":"badassengineer"},"content":"","lastModifiedDate":"2022-08-20"},{"lineNumber":60,"author":{"gitId":"badassengineer"},"content":"                    taskList.get(markTaskIndex).setStatusIcon(\"mark\");","lastModifiedDate":"2022-09-03"},{"lineNumber":61,"author":{"gitId":"badassengineer"},"content":"","lastModifiedDate":"2022-08-20"},{"lineNumber":62,"author":{"gitId":"badassengineer"},"content":"                    System.out.println(\"    Nice! I\u0027ve marked this task as done:\");","lastModifiedDate":"2022-08-20"},{"lineNumber":63,"author":{"gitId":"badassengineer"},"content":"                    System.out.println(\"      \" + taskList.get(markTaskIndex));","lastModifiedDate":"2022-09-03"},{"lineNumber":64,"author":{"gitId":"badassengineer"},"content":"                    break;","lastModifiedDate":"2022-09-03"},{"lineNumber":65,"author":{"gitId":"badassengineer"},"content":"                } catch (StringIndexOutOfBoundsException e) {","lastModifiedDate":"2022-09-04"},{"lineNumber":66,"author":{"gitId":"badassengineer"},"content":"                    throw new DukeException(\"\\u2639 \" + \"Check the Duke basic input commands!!! Correct input format for \\\u0027mark\\\u0027 keyword must be provided.\");","lastModifiedDate":"2022-09-04"},{"lineNumber":67,"author":{"gitId":"badassengineer"},"content":"                } catch (IndexOutOfBoundsException e) {","lastModifiedDate":"2022-09-04"},{"lineNumber":68,"author":{"gitId":"badassengineer"},"content":"                    throw new DukeException(\"\\u2639 \" + \"OOPS!!! It\u0027s either the task\u0027s list is empty or the index entered is out of bound.\");","lastModifiedDate":"2022-09-04"},{"lineNumber":69,"author":{"gitId":"badassengineer"},"content":"                } catch (NumberFormatException e) {","lastModifiedDate":"2022-09-04"},{"lineNumber":70,"author":{"gitId":"badassengineer"},"content":"                    throw new DukeException(\"\\u2639 \" + \"Check the Duke basic input commands!!! \\\u0027mark\\\u0027 keyword must be succeeded with a positive integer.\");","lastModifiedDate":"2022-09-04"},{"lineNumber":71,"author":{"gitId":"badassengineer"},"content":"                }","lastModifiedDate":"2022-09-04"},{"lineNumber":72,"author":{"gitId":"badassengineer"},"content":"            case \"unmark\":","lastModifiedDate":"2022-09-03"},{"lineNumber":73,"author":{"gitId":"badassengineer"},"content":"                try {","lastModifiedDate":"2022-09-04"},{"lineNumber":74,"author":{"gitId":"badassengineer"},"content":"                    int unmarkTaskIndex \u003d Integer.parseInt(s.substring(7)) - 1;","lastModifiedDate":"2022-09-03"},{"lineNumber":75,"author":{"gitId":"badassengineer"},"content":"","lastModifiedDate":"2022-08-20"},{"lineNumber":76,"author":{"gitId":"badassengineer"},"content":"                    taskList.get(unmarkTaskIndex).setStatusIcon(\"unmark\");","lastModifiedDate":"2022-09-03"},{"lineNumber":77,"author":{"gitId":"badassengineer"},"content":"","lastModifiedDate":"2022-08-20"},{"lineNumber":78,"author":{"gitId":"badassengineer"},"content":"                    System.out.println(\"    OK, I\u0027ve marked this task as not done yet:\");","lastModifiedDate":"2022-08-20"},{"lineNumber":79,"author":{"gitId":"badassengineer"},"content":"                    System.out.println(\"      \" + taskList.get(unmarkTaskIndex));","lastModifiedDate":"2022-09-03"},{"lineNumber":80,"author":{"gitId":"badassengineer"},"content":"                    break;","lastModifiedDate":"2022-08-20"},{"lineNumber":81,"author":{"gitId":"badassengineer"},"content":"                } catch (StringIndexOutOfBoundsException e) {","lastModifiedDate":"2022-09-04"},{"lineNumber":82,"author":{"gitId":"badassengineer"},"content":"                    throw new DukeException(\"\\u2639 \" + \"Check the Duke basic input commands!!! Correct input format for \\\u0027unmark\\\u0027 keyword must be provided.\");","lastModifiedDate":"2022-09-04"},{"lineNumber":83,"author":{"gitId":"badassengineer"},"content":"                } catch (IndexOutOfBoundsException e) {","lastModifiedDate":"2022-09-04"},{"lineNumber":84,"author":{"gitId":"badassengineer"},"content":"                    throw new DukeException(\"\\u2639 \" + \"OOPS!!! It\u0027s either the task\u0027s list is empty or the index entered is out of bound.\");","lastModifiedDate":"2022-09-04"},{"lineNumber":85,"author":{"gitId":"badassengineer"},"content":"                } catch (NumberFormatException e) {","lastModifiedDate":"2022-09-04"},{"lineNumber":86,"author":{"gitId":"badassengineer"},"content":"                    throw new DukeException(\"\\u2639 \" + \"Check the Duke basic input commands!!! \\\u0027unmark\\\u0027 keyword must be succeeded with a positive integer.\");","lastModifiedDate":"2022-09-04"},{"lineNumber":87,"author":{"gitId":"badassengineer"},"content":"                }","lastModifiedDate":"2022-09-04"},{"lineNumber":88,"author":{"gitId":"badassengineer"},"content":"            case \"delete\":","lastModifiedDate":"2022-09-10"},{"lineNumber":89,"author":{"gitId":"badassengineer"},"content":"                int taskIndex \u003d Integer.parseInt(firstWord[1]);","lastModifiedDate":"2022-09-10"},{"lineNumber":90,"author":{"gitId":"badassengineer"},"content":"","lastModifiedDate":"2022-09-10"},{"lineNumber":91,"author":{"gitId":"badassengineer"},"content":"                if (taskIndex \u003c 1 || taskIndex \u003e taskList.size()) {","lastModifiedDate":"2022-09-10"},{"lineNumber":92,"author":{"gitId":"badassengineer"},"content":"                    throw new DukeException(\"The task item passed is not within the current task list range.\");","lastModifiedDate":"2022-09-10"},{"lineNumber":93,"author":{"gitId":"badassengineer"},"content":"                } else {","lastModifiedDate":"2022-09-10"},{"lineNumber":94,"author":{"gitId":"badassengineer"},"content":"                    printTask(Integer.toString(taskIndex));","lastModifiedDate":"2022-09-10"},{"lineNumber":95,"author":{"gitId":"badassengineer"},"content":"                    taskList.remove(taskIndex - 1);","lastModifiedDate":"2022-09-10"},{"lineNumber":96,"author":{"gitId":"badassengineer"},"content":"                }","lastModifiedDate":"2022-09-10"},{"lineNumber":97,"author":{"gitId":"badassengineer"},"content":"                break;","lastModifiedDate":"2022-09-10"},{"lineNumber":98,"author":{"gitId":"badassengineer"},"content":"        }","lastModifiedDate":"2022-08-20"},{"lineNumber":99,"author":{"gitId":"badassengineer"},"content":"    }","lastModifiedDate":"2022-08-20"},{"lineNumber":100,"author":{"gitId":"badassengineer"},"content":"","lastModifiedDate":"2022-08-20"},{"lineNumber":101,"author":{"gitId":"badassengineer"},"content":"    public static void addTask(String s) throws DukeException {","lastModifiedDate":"2022-09-04"},{"lineNumber":102,"author":{"gitId":"badassengineer"},"content":"        String description;","lastModifiedDate":"2022-09-03"},{"lineNumber":103,"author":{"gitId":"badassengineer"},"content":"        boolean isIncluded \u003d false;","lastModifiedDate":"2022-09-04"},{"lineNumber":104,"author":{"gitId":"badassengineer"},"content":"        String firstWord[] \u003d s.split(\" \", 2);","lastModifiedDate":"2022-09-03"},{"lineNumber":105,"author":{"gitId":"badassengineer"},"content":"","lastModifiedDate":"2022-09-03"},{"lineNumber":106,"author":{"gitId":"badassengineer"},"content":"        for (Task task : taskList) {","lastModifiedDate":"2022-09-04"},{"lineNumber":107,"author":{"gitId":"badassengineer"},"content":"            if (task.getDescription().equals((firstWord[1].split(\" /\", 2))[0])) {","lastModifiedDate":"2022-09-04"},{"lineNumber":108,"author":{"gitId":"badassengineer"},"content":"                isIncluded \u003d true;","lastModifiedDate":"2022-09-04"},{"lineNumber":109,"author":{"gitId":"badassengineer"},"content":"                break;","lastModifiedDate":"2022-09-04"},{"lineNumber":110,"author":{"gitId":"badassengineer"},"content":"            }","lastModifiedDate":"2022-09-04"},{"lineNumber":111,"author":{"gitId":"badassengineer"},"content":"        }","lastModifiedDate":"2022-09-04"},{"lineNumber":112,"author":{"gitId":"badassengineer"},"content":"","lastModifiedDate":"2022-09-03"},{"lineNumber":113,"author":{"gitId":"badassengineer"},"content":"        if (isIncluded) {","lastModifiedDate":"2022-09-04"},{"lineNumber":114,"author":{"gitId":"badassengineer"},"content":"            throw new DukeException(\"The current list contains this task.\");","lastModifiedDate":"2022-09-04"},{"lineNumber":115,"author":{"gitId":"badassengineer"},"content":"        } else {","lastModifiedDate":"2022-09-04"},{"lineNumber":116,"author":{"gitId":"badassengineer"},"content":"            switch (firstWord[0]) {","lastModifiedDate":"2022-09-03"},{"lineNumber":117,"author":{"gitId":"badassengineer"},"content":"                case \"todo\":","lastModifiedDate":"2022-09-03"},{"lineNumber":118,"author":{"gitId":"badassengineer"},"content":"                    description \u003d s.substring(5);","lastModifiedDate":"2022-09-03"},{"lineNumber":119,"author":{"gitId":"badassengineer"},"content":"","lastModifiedDate":"2022-08-25"},{"lineNumber":120,"author":{"gitId":"badassengineer"},"content":"                    taskList.add(new TodoTask(description));","lastModifiedDate":"2022-09-02"},{"lineNumber":121,"author":{"gitId":"badassengineer"},"content":"                    break;","lastModifiedDate":"2022-09-03"},{"lineNumber":122,"author":{"gitId":"badassengineer"},"content":"                case \"deadline\":","lastModifiedDate":"2022-09-03"},{"lineNumber":123,"author":{"gitId":"badassengineer"},"content":"                    description \u003d s.substring(9, s.indexOf(\" /by\"));","lastModifiedDate":"2022-09-03"},{"lineNumber":124,"author":{"gitId":"badassengineer"},"content":"                    String by \u003d s.substring(s.indexOf(\"/by\") + 4);","lastModifiedDate":"2022-09-03"},{"lineNumber":125,"author":{"gitId":"badassengineer"},"content":"","lastModifiedDate":"2022-08-25"},{"lineNumber":126,"author":{"gitId":"badassengineer"},"content":"                    taskList.add(new DeadlineTask(description, by));","lastModifiedDate":"2022-09-02"},{"lineNumber":127,"author":{"gitId":"badassengineer"},"content":"                    break;","lastModifiedDate":"2022-09-03"},{"lineNumber":128,"author":{"gitId":"badassengineer"},"content":"                case \"event\":","lastModifiedDate":"2022-09-03"},{"lineNumber":129,"author":{"gitId":"badassengineer"},"content":"                    description \u003d s.substring(6, s.indexOf(\" /at\"));","lastModifiedDate":"2022-09-03"},{"lineNumber":130,"author":{"gitId":"badassengineer"},"content":"                    String at \u003d s.substring(s.indexOf(\"/at\") + 4);","lastModifiedDate":"2022-09-03"},{"lineNumber":131,"author":{"gitId":"badassengineer"},"content":"","lastModifiedDate":"2022-08-25"},{"lineNumber":132,"author":{"gitId":"badassengineer"},"content":"                    taskList.add(new EventTask(description, at));","lastModifiedDate":"2022-09-02"},{"lineNumber":133,"author":{"gitId":"badassengineer"},"content":"                    break;","lastModifiedDate":"2022-09-03"},{"lineNumber":134,"author":{"gitId":"badassengineer"},"content":"            }","lastModifiedDate":"2022-08-19"},{"lineNumber":135,"author":{"gitId":"badassengineer"},"content":"            printTask(\"add\");","lastModifiedDate":"2022-09-10"},{"lineNumber":136,"author":{"gitId":"-"},"content":"        }","lastModifiedDate":"2019-07-29"},{"lineNumber":137,"author":{"gitId":"badassengineer"},"content":"    }","lastModifiedDate":"2022-09-04"},{"lineNumber":138,"author":{"gitId":"badassengineer"},"content":"","lastModifiedDate":"2022-09-03"},{"lineNumber":139,"author":{"gitId":"badassengineer"},"content":"    public static void printTask(String instruction) {","lastModifiedDate":"2022-09-10"},{"lineNumber":140,"author":{"gitId":"badassengineer"},"content":"        if (instruction \u003d\u003d \"add\") {","lastModifiedDate":"2022-09-10"},{"lineNumber":141,"author":{"gitId":"badassengineer"},"content":"            System.out.println(\"     Got it. I\u0027ve added this task:\");","lastModifiedDate":"2022-09-04"},{"lineNumber":142,"author":{"gitId":"badassengineer"},"content":"            System.out.println(\"       \" + (taskList.get(taskList.size() - 1)));","lastModifiedDate":"2022-09-03"},{"lineNumber":143,"author":{"gitId":"badassengineer"},"content":"            System.out.println(\"     Now you have \" + Task.getTotalTask() + \" task(s) in the list.\");","lastModifiedDate":"2022-09-03"},{"lineNumber":144,"author":{"gitId":"badassengineer"},"content":"        } else {","lastModifiedDate":"2022-09-10"},{"lineNumber":145,"author":{"gitId":"badassengineer"},"content":"            System.out.println(\"     Noted. I\u0027ve removed this task:\");","lastModifiedDate":"2022-09-10"},{"lineNumber":146,"author":{"gitId":"badassengineer"},"content":"            System.out.println(\"       \" + (taskList.get(Integer.parseInt(instruction) - 1)));","lastModifiedDate":"2022-09-10"},{"lineNumber":147,"author":{"gitId":"badassengineer"},"content":"            System.out.println(\"     Now you have \" + (taskList.size() - 1) + \" task(s) in the list.\");","lastModifiedDate":"2022-09-10"},{"lineNumber":148,"author":{"gitId":"badassengineer"},"content":"        }","lastModifiedDate":"2022-08-25"},{"lineNumber":149,"author":{"gitId":"badassengineer"},"content":"    }","lastModifiedDate":"2022-09-10"},{"lineNumber":150,"author":{"gitId":"badassengineer"},"content":"","lastModifiedDate":"2022-09-10"},{"lineNumber":151,"author":{"gitId":"badassengineer"},"content":"","lastModifiedDate":"2022-09-03"},{"lineNumber":152,"author":{"gitId":"-"},"content":"    public static void main(String[] args) {","lastModifiedDate":"2022-08-25"},{"lineNumber":153,"author":{"gitId":"-"},"content":"        String logo \u003d \" ____        _        \\n\"","lastModifiedDate":"2022-08-25"},{"lineNumber":154,"author":{"gitId":"-"},"content":"                + \"|  _ \\\\ _   _| | _____ \\n\"","lastModifiedDate":"2022-08-25"},{"lineNumber":155,"author":{"gitId":"-"},"content":"                + \"| | | | | | | |/ / _ \\\\\\n\"","lastModifiedDate":"2022-08-25"},{"lineNumber":156,"author":{"gitId":"-"},"content":"                + \"| |_| | |_| |   \u003c  __/\\n\"","lastModifiedDate":"2022-08-25"},{"lineNumber":157,"author":{"gitId":"-"},"content":"                + \"|____/ \\\\__,_|_|\\\\_\\\\___|\\n\";","lastModifiedDate":"2022-08-25"},{"lineNumber":158,"author":{"gitId":"-"},"content":"        System.out.println(\"Hello from\\n\" + logo);","lastModifiedDate":"2022-08-25"},{"lineNumber":159,"author":{"gitId":"badassengineer"},"content":"        System.out.println();","lastModifiedDate":"2022-08-25"},{"lineNumber":160,"author":{"gitId":"badassengineer"},"content":"        System.out.println(\"Hello! I\u0027m Duke\" + System.lineSeparator() + \"What can I do for you?\");","lastModifiedDate":"2022-08-25"},{"lineNumber":161,"author":{"gitId":"badassengineer"},"content":"        System.out.println();","lastModifiedDate":"2022-08-25"},{"lineNumber":162,"author":{"gitId":"badassengineer"},"content":"","lastModifiedDate":"2022-08-25"},{"lineNumber":163,"author":{"gitId":"badassengineer"},"content":"        while(true) {","lastModifiedDate":"2022-09-03"},{"lineNumber":164,"author":{"gitId":"badassengineer"},"content":"            try {","lastModifiedDate":"2022-09-04"},{"lineNumber":165,"author":{"gitId":"badassengineer"},"content":"                filterInput();","lastModifiedDate":"2022-09-04"},{"lineNumber":166,"author":{"gitId":"badassengineer"},"content":"            } catch (DukeException e) {","lastModifiedDate":"2022-09-04"},{"lineNumber":167,"author":{"gitId":"badassengineer"},"content":"                System.out.println(e.getMessage());","lastModifiedDate":"2022-09-04"},{"lineNumber":168,"author":{"gitId":"badassengineer"},"content":"            }","lastModifiedDate":"2022-09-03"},{"lineNumber":169,"author":{"gitId":"badassengineer"},"content":"        }","lastModifiedDate":"2022-09-03"},{"lineNumber":170,"author":{"gitId":"-"},"content":"    }","lastModifiedDate":"2019-07-29"},{"lineNumber":171,"author":{"gitId":"-"},"content":"}","lastModifiedDate":"2022-08-20"},{"lineNumber":172,"author":{"gitId":"badassengineer"},"content":"","lastModifiedDate":"2022-08-20"}],"authorContributionMap":{"badassengineer":161,"-":11}},{"path":"src/main/java/duke/exception/DukeException.java","fileType":"java","lines":[{"lineNumber":1,"author":{"gitId":"badassengineer"},"content":"package duke.exception;","lastModifiedDate":"2022-09-04"},{"lineNumber":2,"author":{"gitId":"badassengineer"},"content":"","lastModifiedDate":"2022-09-04"},{"lineNumber":3,"author":{"gitId":"badassengineer"},"content":"public class DukeException extends Exception {","lastModifiedDate":"2022-09-04"},{"lineNumber":4,"author":{"gitId":"badassengineer"},"content":"    public DukeException(String message) {","lastModifiedDate":"2022-09-04"},{"lineNumber":5,"author":{"gitId":"badassengineer"},"content":"        super(message);","lastModifiedDate":"2022-09-04"},{"lineNumber":6,"author":{"gitId":"badassengineer"},"content":"    }","lastModifiedDate":"2022-09-04"},{"lineNumber":7,"author":{"gitId":"badassengineer"},"content":"}","lastModifiedDate":"2022-09-04"}],"authorContributionMap":{"badassengineer":7}},{"path":"src/main/java/duke/task/DeadlineTask.java","fileType":"java","lines":[{"lineNumber":1,"author":{"gitId":"badassengineer"},"content":"package duke.task;","lastModifiedDate":"2022-09-04"},{"lineNumber":2,"author":{"gitId":"badassengineer"},"content":"","lastModifiedDate":"2022-08-25"},{"lineNumber":3,"author":{"gitId":"badassengineer"},"content":"public class DeadlineTask extends Task {","lastModifiedDate":"2022-09-02"},{"lineNumber":4,"author":{"gitId":"badassengineer"},"content":"    protected String by;","lastModifiedDate":"2022-08-25"},{"lineNumber":5,"author":{"gitId":"badassengineer"},"content":"","lastModifiedDate":"2022-08-25"},{"lineNumber":6,"author":{"gitId":"badassengineer"},"content":"    public DeadlineTask(String description, String by) {","lastModifiedDate":"2022-09-02"},{"lineNumber":7,"author":{"gitId":"badassengineer"},"content":"        super(description);","lastModifiedDate":"2022-08-25"},{"lineNumber":8,"author":{"gitId":"badassengineer"},"content":"        this.by \u003d by;","lastModifiedDate":"2022-08-25"},{"lineNumber":9,"author":{"gitId":"badassengineer"},"content":"    }","lastModifiedDate":"2022-08-25"},{"lineNumber":10,"author":{"gitId":"badassengineer"},"content":"","lastModifiedDate":"2022-08-25"},{"lineNumber":11,"author":{"gitId":"badassengineer"},"content":"    @Override","lastModifiedDate":"2022-08-25"},{"lineNumber":12,"author":{"gitId":"badassengineer"},"content":"//    public String toString() { return \"[D]\" + super.toString() + \" (by: \" + by + \")\"; }","lastModifiedDate":"2022-09-04"},{"lineNumber":13,"author":{"gitId":"badassengineer"},"content":"    public String toString() {","lastModifiedDate":"2022-08-25"},{"lineNumber":14,"author":{"gitId":"badassengineer"},"content":"        return \"[D]\" + \"[\" + getStatusIcon() + \"] \" + getDescription() + \" (by: \" + by + \")\";","lastModifiedDate":"2022-09-04"},{"lineNumber":15,"author":{"gitId":"badassengineer"},"content":"    }","lastModifiedDate":"2022-08-25"},{"lineNumber":16,"author":{"gitId":"badassengineer"},"content":"}","lastModifiedDate":"2022-08-25"}],"authorContributionMap":{"badassengineer":16}},{"path":"src/main/java/duke/task/EventTask.java","fileType":"java","lines":[{"lineNumber":1,"author":{"gitId":"badassengineer"},"content":"package duke.task;","lastModifiedDate":"2022-09-04"},{"lineNumber":2,"author":{"gitId":"badassengineer"},"content":"","lastModifiedDate":"2022-08-25"},{"lineNumber":3,"author":{"gitId":"badassengineer"},"content":"public class EventTask extends Task {","lastModifiedDate":"2022-09-02"},{"lineNumber":4,"author":{"gitId":"badassengineer"},"content":"    protected String at;","lastModifiedDate":"2022-08-25"},{"lineNumber":5,"author":{"gitId":"badassengineer"},"content":"","lastModifiedDate":"2022-08-25"},{"lineNumber":6,"author":{"gitId":"badassengineer"},"content":"    public EventTask(String description, String at) {","lastModifiedDate":"2022-09-02"},{"lineNumber":7,"author":{"gitId":"badassengineer"},"content":"        super(description);","lastModifiedDate":"2022-08-25"},{"lineNumber":8,"author":{"gitId":"badassengineer"},"content":"        this.at \u003d at;","lastModifiedDate":"2022-08-25"},{"lineNumber":9,"author":{"gitId":"badassengineer"},"content":"    }","lastModifiedDate":"2022-08-25"},{"lineNumber":10,"author":{"gitId":"badassengineer"},"content":"","lastModifiedDate":"2022-08-25"},{"lineNumber":11,"author":{"gitId":"badassengineer"},"content":"    @Override","lastModifiedDate":"2022-08-25"},{"lineNumber":12,"author":{"gitId":"badassengineer"},"content":"//    public String toString() { return \"[E]\" + super.toString() + \" (at: \" + at + \")\"; }","lastModifiedDate":"2022-09-04"},{"lineNumber":13,"author":{"gitId":"badassengineer"},"content":"    public String toString() {","lastModifiedDate":"2022-08-25"},{"lineNumber":14,"author":{"gitId":"badassengineer"},"content":"        return \"[E]\" + \"[\" + getStatusIcon() + \"] \" + getDescription() + \" (at: \" + at + \")\";","lastModifiedDate":"2022-09-04"},{"lineNumber":15,"author":{"gitId":"badassengineer"},"content":"    }","lastModifiedDate":"2022-08-25"},{"lineNumber":16,"author":{"gitId":"badassengineer"},"content":"}","lastModifiedDate":"2022-08-25"}],"authorContributionMap":{"badassengineer":16}},{"path":"src/main/java/duke/task/Task.java","fileType":"java","lines":[{"lineNumber":1,"author":{"gitId":"badassengineer"},"content":"package duke.task;","lastModifiedDate":"2022-09-04"},{"lineNumber":2,"author":{"gitId":"badassengineer"},"content":"","lastModifiedDate":"2022-08-20"},{"lineNumber":3,"author":{"gitId":"badassengineer"},"content":"public abstract class Task {","lastModifiedDate":"2022-09-04"},{"lineNumber":4,"author":{"gitId":"badassengineer"},"content":"    protected String description;","lastModifiedDate":"2022-08-20"},{"lineNumber":5,"author":{"gitId":"badassengineer"},"content":"    protected boolean isDone;","lastModifiedDate":"2022-08-20"},{"lineNumber":6,"author":{"gitId":"badassengineer"},"content":"    protected static int totalTask;","lastModifiedDate":"2022-08-25"},{"lineNumber":7,"author":{"gitId":"badassengineer"},"content":"","lastModifiedDate":"2022-08-20"},{"lineNumber":8,"author":{"gitId":"badassengineer"},"content":"    public Task(String description) {","lastModifiedDate":"2022-08-20"},{"lineNumber":9,"author":{"gitId":"badassengineer"},"content":"        this.description \u003d description;","lastModifiedDate":"2022-08-20"},{"lineNumber":10,"author":{"gitId":"badassengineer"},"content":"        this.isDone \u003d false;","lastModifiedDate":"2022-08-20"},{"lineNumber":11,"author":{"gitId":"badassengineer"},"content":"        this.totalTask++;","lastModifiedDate":"2022-08-25"},{"lineNumber":12,"author":{"gitId":"badassengineer"},"content":"    }","lastModifiedDate":"2022-08-20"},{"lineNumber":13,"author":{"gitId":"badassengineer"},"content":"","lastModifiedDate":"2022-08-19"},{"lineNumber":14,"author":{"gitId":"badassengineer"},"content":"    public String getStatusIcon() {","lastModifiedDate":"2022-08-20"},{"lineNumber":15,"author":{"gitId":"badassengineer"},"content":"        return (isDone ? \"X\" : \" \"); // mark done task with X","lastModifiedDate":"2022-08-20"},{"lineNumber":16,"author":{"gitId":"badassengineer"},"content":"    }","lastModifiedDate":"2022-08-19"},{"lineNumber":17,"author":{"gitId":"badassengineer"},"content":"","lastModifiedDate":"2022-08-20"},{"lineNumber":18,"author":{"gitId":"badassengineer"},"content":"    public void setStatusIcon(String instruction) {","lastModifiedDate":"2022-08-20"},{"lineNumber":19,"author":{"gitId":"badassengineer"},"content":"        if (instruction \u003d\u003d \"mark\") {","lastModifiedDate":"2022-08-20"},{"lineNumber":20,"author":{"gitId":"badassengineer"},"content":"            isDone \u003d true;","lastModifiedDate":"2022-08-20"},{"lineNumber":21,"author":{"gitId":"badassengineer"},"content":"        }","lastModifiedDate":"2022-08-20"},{"lineNumber":22,"author":{"gitId":"badassengineer"},"content":"        if (instruction \u003d\u003d \"unmark\") {","lastModifiedDate":"2022-08-20"},{"lineNumber":23,"author":{"gitId":"badassengineer"},"content":"            isDone \u003d false;","lastModifiedDate":"2022-08-20"},{"lineNumber":24,"author":{"gitId":"badassengineer"},"content":"        }","lastModifiedDate":"2022-08-19"},{"lineNumber":25,"author":{"gitId":"badassengineer"},"content":"    }","lastModifiedDate":"2022-08-19"},{"lineNumber":26,"author":{"gitId":"badassengineer"},"content":"","lastModifiedDate":"2022-08-20"},{"lineNumber":27,"author":{"gitId":"badassengineer"},"content":"    public String getDescription() {","lastModifiedDate":"2022-08-20"},{"lineNumber":28,"author":{"gitId":"badassengineer"},"content":"        return description;","lastModifiedDate":"2022-08-20"},{"lineNumber":29,"author":{"gitId":"badassengineer"},"content":"    }","lastModifiedDate":"2022-08-19"},{"lineNumber":30,"author":{"gitId":"badassengineer"},"content":"","lastModifiedDate":"2022-08-25"},{"lineNumber":31,"author":{"gitId":"badassengineer"},"content":"    public static int getTotalTask() {","lastModifiedDate":"2022-08-25"},{"lineNumber":32,"author":{"gitId":"badassengineer"},"content":"        return totalTask;","lastModifiedDate":"2022-08-25"},{"lineNumber":33,"author":{"gitId":"badassengineer"},"content":"    }","lastModifiedDate":"2022-08-25"},{"lineNumber":34,"author":{"gitId":"badassengineer"},"content":"","lastModifiedDate":"2022-08-25"},{"lineNumber":35,"author":{"gitId":"badassengineer"},"content":"    @Override","lastModifiedDate":"2022-08-25"},{"lineNumber":36,"author":{"gitId":"badassengineer"},"content":"    public abstract String toString();","lastModifiedDate":"2022-09-04"},{"lineNumber":37,"author":{"gitId":"badassengineer"},"content":"}","lastModifiedDate":"2022-08-19"}],"authorContributionMap":{"badassengineer":37}},{"path":"src/main/java/duke/task/TodoTask.java","fileType":"java","lines":[{"lineNumber":1,"author":{"gitId":"badassengineer"},"content":"package duke.task;","lastModifiedDate":"2022-09-04"},{"lineNumber":2,"author":{"gitId":"badassengineer"},"content":"","lastModifiedDate":"2022-08-25"},{"lineNumber":3,"author":{"gitId":"badassengineer"},"content":"public class TodoTask extends Task {","lastModifiedDate":"2022-09-02"},{"lineNumber":4,"author":{"gitId":"badassengineer"},"content":"    public TodoTask(String description) {","lastModifiedDate":"2022-09-02"},{"lineNumber":5,"author":{"gitId":"badassengineer"},"content":"        super(description);","lastModifiedDate":"2022-08-25"},{"lineNumber":6,"author":{"gitId":"badassengineer"},"content":"    }","lastModifiedDate":"2022-08-25"},{"lineNumber":7,"author":{"gitId":"badassengineer"},"content":"","lastModifiedDate":"2022-08-25"},{"lineNumber":8,"author":{"gitId":"badassengineer"},"content":"    @Override","lastModifiedDate":"2022-08-25"},{"lineNumber":9,"author":{"gitId":"badassengineer"},"content":"//    public String toString() { return \"[T]\" + super.toString(); }","lastModifiedDate":"2022-09-04"},{"lineNumber":10,"author":{"gitId":"badassengineer"},"content":"    public String toString() { return \"[T]\" + \"[\" + getStatusIcon() + \"] \" + getDescription(); }","lastModifiedDate":"2022-09-04"},{"lineNumber":11,"author":{"gitId":"badassengineer"},"content":"}","lastModifiedDate":"2022-08-25"}],"authorContributionMap":{"badassengineer":11}}]
