[{"path":"src/main/java/Duke.java","fileType":"java","lines":[{"lineNumber":1,"author":{"gitId":"badassengineer"},"content":"import duke.ui.UI;","lastModifiedDate":"2022-09-18"},{"lineNumber":2,"author":{"gitId":"badassengineer"},"content":"import duke.storage.Storage;","lastModifiedDate":"2022-09-18"},{"lineNumber":3,"author":{"gitId":"badassengineer"},"content":"import duke.parser.Parser;","lastModifiedDate":"2022-09-18"},{"lineNumber":4,"author":{"gitId":"badassengineer"},"content":"import duke.task.*;","lastModifiedDate":"2022-09-04"},{"lineNumber":5,"author":{"gitId":"badassengineer"},"content":"import duke.commands.Command;","lastModifiedDate":"2022-09-18"},{"lineNumber":6,"author":{"gitId":"badassengineer"},"content":"import duke.exception.DukeException;","lastModifiedDate":"2022-09-04"},{"lineNumber":7,"author":{"gitId":"badassengineer"},"content":"import java.io.*;","lastModifiedDate":"2022-09-17"},{"lineNumber":8,"author":{"gitId":"badassengineer"},"content":"import java.util.ArrayList;","lastModifiedDate":"2022-08-20"},{"lineNumber":9,"author":{"gitId":"badassengineer"},"content":"import java.util.Scanner;","lastModifiedDate":"2022-08-19"},{"lineNumber":10,"author":{"gitId":"badassengineer"},"content":"","lastModifiedDate":"2022-08-19"},{"lineNumber":11,"author":{"gitId":"badassengineer"},"content":"/**","lastModifiedDate":"2022-09-17"},{"lineNumber":12,"author":{"gitId":"badassengineer"},"content":" * This \u003ccode\u003eDuke\u003c/code\u003e class is the main class of the Duke application.","lastModifiedDate":"2022-09-17"},{"lineNumber":13,"author":{"gitId":"badassengineer"},"content":" * This includes the main method and other methods that taps into abstracted","lastModifiedDate":"2022-09-17"},{"lineNumber":14,"author":{"gitId":"badassengineer"},"content":" * classes.","lastModifiedDate":"2022-09-17"},{"lineNumber":15,"author":{"gitId":"badassengineer"},"content":" */","lastModifiedDate":"2022-09-17"},{"lineNumber":16,"author":{"gitId":"-"},"content":"public class Duke {","lastModifiedDate":"2019-07-29"},{"lineNumber":17,"author":{"gitId":"badassengineer"},"content":"    private static File file;","lastModifiedDate":"2022-09-17"},{"lineNumber":18,"author":{"gitId":"badassengineer"},"content":"    private UI ui;","lastModifiedDate":"2022-09-18"},{"lineNumber":19,"author":{"gitId":"badassengineer"},"content":"    private static ArrayList\u003cTask\u003e taskList;","lastModifiedDate":"2022-09-18"},{"lineNumber":20,"author":{"gitId":"badassengineer"},"content":"    private Storage storage;","lastModifiedDate":"2022-09-18"},{"lineNumber":21,"author":{"gitId":"badassengineer"},"content":"","lastModifiedDate":"2022-08-19"},{"lineNumber":22,"author":{"gitId":"badassengineer"},"content":"    public Duke(String filename) {","lastModifiedDate":"2022-09-17"},{"lineNumber":23,"author":{"gitId":"badassengineer"},"content":"        String home \u003d System.getProperty(\"user.home\");","lastModifiedDate":"2022-09-17"},{"lineNumber":24,"author":{"gitId":"badassengineer"},"content":"        java.nio.file.Path directory \u003d java.nio.file.Paths.get(home, \"Duke\");","lastModifiedDate":"2022-09-17"},{"lineNumber":25,"author":{"gitId":"badassengineer"},"content":"        java.nio.file.Path pathFile \u003d java.nio.file.Paths.get(home, \"Duke\", filename + \".txt\");","lastModifiedDate":"2022-09-17"},{"lineNumber":26,"author":{"gitId":"badassengineer"},"content":"        file \u003d pathFile.toFile();","lastModifiedDate":"2022-09-17"},{"lineNumber":27,"author":{"gitId":"badassengineer"},"content":"","lastModifiedDate":"2022-09-17"},{"lineNumber":28,"author":{"gitId":"badassengineer"},"content":"        ui \u003d new UI();","lastModifiedDate":"2022-09-18"},{"lineNumber":29,"author":{"gitId":"badassengineer"},"content":"        ui.showWelcome();","lastModifiedDate":"2022-09-18"},{"lineNumber":30,"author":{"gitId":"badassengineer"},"content":"","lastModifiedDate":"2022-09-04"},{"lineNumber":31,"author":{"gitId":"badassengineer"},"content":"        taskList \u003d new ArrayList\u003c\u003e();","lastModifiedDate":"2022-09-18"},{"lineNumber":32,"author":{"gitId":"badassengineer"},"content":"        storage \u003d new Storage(directory, pathFile, taskList);","lastModifiedDate":"2022-09-18"},{"lineNumber":33,"author":{"gitId":"badassengineer"},"content":"","lastModifiedDate":"2022-09-04"},{"lineNumber":34,"author":{"gitId":"badassengineer"},"content":"        Parser.parseTaskFromFile(pathFile, storage);","lastModifiedDate":"2022-09-18"},{"lineNumber":35,"author":{"gitId":"badassengineer"},"content":"    }","lastModifiedDate":"2022-09-04"},{"lineNumber":36,"author":{"gitId":"badassengineer"},"content":"","lastModifiedDate":"2022-09-18"},{"lineNumber":37,"author":{"gitId":"badassengineer"},"content":"    public void run() {","lastModifiedDate":"2022-09-18"},{"lineNumber":38,"author":{"gitId":"badassengineer"},"content":"        while (!Command.isExit) {","lastModifiedDate":"2022-09-18"},{"lineNumber":39,"author":{"gitId":"badassengineer"},"content":"            try {","lastModifiedDate":"2022-09-18"},{"lineNumber":40,"author":{"gitId":"badassengineer"},"content":"                String userInput \u003d ui.readUserInput();","lastModifiedDate":"2022-09-18"},{"lineNumber":41,"author":{"gitId":"badassengineer"},"content":"                ui.showLine();","lastModifiedDate":"2022-09-18"},{"lineNumber":42,"author":{"gitId":"badassengineer"},"content":"                Command c \u003d Parser.parseUserInput(userInput);","lastModifiedDate":"2022-09-18"},{"lineNumber":43,"author":{"gitId":"badassengineer"},"content":"                c.execute(userInput, taskList, storage, file);","lastModifiedDate":"2022-09-18"},{"lineNumber":44,"author":{"gitId":"badassengineer"},"content":"                c.setIsExit();","lastModifiedDate":"2022-09-18"},{"lineNumber":45,"author":{"gitId":"badassengineer"},"content":"            } catch (DukeException e) {","lastModifiedDate":"2022-09-17"},{"lineNumber":46,"author":{"gitId":"badassengineer"},"content":"                System.out.println(e.getMessage());","lastModifiedDate":"2022-09-17"},{"lineNumber":47,"author":{"gitId":"badassengineer"},"content":"            }","lastModifiedDate":"2022-09-17"},{"lineNumber":48,"author":{"gitId":"badassengineer"},"content":"            System.out.println();","lastModifiedDate":"2022-09-04"},{"lineNumber":49,"author":{"gitId":"badassengineer"},"content":"        }","lastModifiedDate":"2022-09-04"},{"lineNumber":50,"author":{"gitId":"badassengineer"},"content":"    }","lastModifiedDate":"2022-09-17"},{"lineNumber":51,"author":{"gitId":"badassengineer"},"content":"","lastModifiedDate":"2022-09-04"},{"lineNumber":52,"author":{"gitId":"-"},"content":"    public static void main(String[] args) {","lastModifiedDate":"2022-08-25"},{"lineNumber":53,"author":{"gitId":"badassengineer"},"content":"        System.out.println(\"\\nTo begin, enter your filename: \\n\");","lastModifiedDate":"2022-09-18"},{"lineNumber":54,"author":{"gitId":"badassengineer"},"content":"","lastModifiedDate":"2022-08-25"},{"lineNumber":55,"author":{"gitId":"badassengineer"},"content":"        Scanner in \u003d new Scanner(System.in);","lastModifiedDate":"2022-09-17"},{"lineNumber":56,"author":{"gitId":"badassengineer"},"content":"        String filename \u003d in.nextLine();","lastModifiedDate":"2022-09-17"},{"lineNumber":57,"author":{"gitId":"badassengineer"},"content":"","lastModifiedDate":"2022-09-17"},{"lineNumber":58,"author":{"gitId":"badassengineer"},"content":"        System.out.println(\"__________________________________________________\");","lastModifiedDate":"2022-09-18"},{"lineNumber":59,"author":{"gitId":"badassengineer"},"content":"","lastModifiedDate":"2022-09-18"},{"lineNumber":60,"author":{"gitId":"badassengineer"},"content":"        new Duke(filename).run();","lastModifiedDate":"2022-09-18"},{"lineNumber":61,"author":{"gitId":"-"},"content":"    }","lastModifiedDate":"2019-07-29"},{"lineNumber":62,"author":{"gitId":"badassengineer"},"content":"}","lastModifiedDate":"2022-08-20"}],"authorContributionMap":{"badassengineer":59,"-":3}},{"path":"src/main/java/duke/commands/AddCommand.java","fileType":"java","lines":[{"lineNumber":1,"author":{"gitId":"badassengineer"},"content":"package duke.commands;","lastModifiedDate":"2022-09-18"},{"lineNumber":2,"author":{"gitId":"badassengineer"},"content":"","lastModifiedDate":"2022-09-18"},{"lineNumber":3,"author":{"gitId":"badassengineer"},"content":"import duke.exception.DukeException;","lastModifiedDate":"2022-09-18"},{"lineNumber":4,"author":{"gitId":"badassengineer"},"content":"import duke.storage.Storage;","lastModifiedDate":"2022-09-18"},{"lineNumber":5,"author":{"gitId":"badassengineer"},"content":"import duke.task.DeadlineTask;","lastModifiedDate":"2022-09-18"},{"lineNumber":6,"author":{"gitId":"badassengineer"},"content":"import duke.task.EventTask;","lastModifiedDate":"2022-09-18"},{"lineNumber":7,"author":{"gitId":"badassengineer"},"content":"import duke.task.Task;","lastModifiedDate":"2022-09-18"},{"lineNumber":8,"author":{"gitId":"badassengineer"},"content":"import duke.task.TodoTask;","lastModifiedDate":"2022-09-18"},{"lineNumber":9,"author":{"gitId":"badassengineer"},"content":"","lastModifiedDate":"2022-09-18"},{"lineNumber":10,"author":{"gitId":"badassengineer"},"content":"import java.io.File;","lastModifiedDate":"2022-09-18"},{"lineNumber":11,"author":{"gitId":"badassengineer"},"content":"import java.util.ArrayList;","lastModifiedDate":"2022-09-18"},{"lineNumber":12,"author":{"gitId":"badassengineer"},"content":"","lastModifiedDate":"2022-09-18"},{"lineNumber":13,"author":{"gitId":"badassengineer"},"content":"public class AddCommand extends Command {","lastModifiedDate":"2022-09-18"},{"lineNumber":14,"author":{"gitId":"badassengineer"},"content":"    @Override","lastModifiedDate":"2022-09-18"},{"lineNumber":15,"author":{"gitId":"badassengineer"},"content":"    public void execute(String userInput, ArrayList\u003cTask\u003e taskList, Storage storage, File file) throws DukeException {","lastModifiedDate":"2022-09-18"},{"lineNumber":16,"author":{"gitId":"badassengineer"},"content":"        try {","lastModifiedDate":"2022-09-18"},{"lineNumber":17,"author":{"gitId":"badassengineer"},"content":"            String description;","lastModifiedDate":"2022-09-18"},{"lineNumber":18,"author":{"gitId":"badassengineer"},"content":"            boolean isIncluded \u003d false;","lastModifiedDate":"2022-09-18"},{"lineNumber":19,"author":{"gitId":"badassengineer"},"content":"            String[] firstWord \u003d userInput.split(\" \", 2);","lastModifiedDate":"2022-09-18"},{"lineNumber":20,"author":{"gitId":"badassengineer"},"content":"","lastModifiedDate":"2022-09-18"},{"lineNumber":21,"author":{"gitId":"badassengineer"},"content":"            if (firstWord[1].equals(\"\")) {","lastModifiedDate":"2022-09-18"},{"lineNumber":22,"author":{"gitId":"badassengineer"},"content":"                throw new DukeException(\"\\u2639 \" + userInput + \"keyword must not be empty!\");","lastModifiedDate":"2022-09-18"},{"lineNumber":23,"author":{"gitId":"badassengineer"},"content":"            }","lastModifiedDate":"2022-09-18"},{"lineNumber":24,"author":{"gitId":"badassengineer"},"content":"","lastModifiedDate":"2022-09-18"},{"lineNumber":25,"author":{"gitId":"badassengineer"},"content":"            for (Task task : taskList) {","lastModifiedDate":"2022-09-18"},{"lineNumber":26,"author":{"gitId":"badassengineer"},"content":"                if (task.getDescription().equals((firstWord[1].split(\" /\", 2))[0])) {","lastModifiedDate":"2022-09-18"},{"lineNumber":27,"author":{"gitId":"badassengineer"},"content":"                    isIncluded \u003d true;","lastModifiedDate":"2022-09-18"},{"lineNumber":28,"author":{"gitId":"badassengineer"},"content":"                    break;","lastModifiedDate":"2022-09-18"},{"lineNumber":29,"author":{"gitId":"badassengineer"},"content":"                }","lastModifiedDate":"2022-09-18"},{"lineNumber":30,"author":{"gitId":"badassengineer"},"content":"            }","lastModifiedDate":"2022-09-18"},{"lineNumber":31,"author":{"gitId":"badassengineer"},"content":"","lastModifiedDate":"2022-09-18"},{"lineNumber":32,"author":{"gitId":"badassengineer"},"content":"            if (isIncluded) {","lastModifiedDate":"2022-09-18"},{"lineNumber":33,"author":{"gitId":"badassengineer"},"content":"                throw new DukeException(\"The current list contains this task.\");","lastModifiedDate":"2022-09-18"},{"lineNumber":34,"author":{"gitId":"badassengineer"},"content":"            } else {","lastModifiedDate":"2022-09-18"},{"lineNumber":35,"author":{"gitId":"badassengineer"},"content":"                switch (firstWord[0]) {","lastModifiedDate":"2022-09-18"},{"lineNumber":36,"author":{"gitId":"badassengineer"},"content":"                    case \"todo\": {","lastModifiedDate":"2022-09-18"},{"lineNumber":37,"author":{"gitId":"badassengineer"},"content":"                        description \u003d userInput.substring(5);","lastModifiedDate":"2022-09-18"},{"lineNumber":38,"author":{"gitId":"badassengineer"},"content":"","lastModifiedDate":"2022-09-18"},{"lineNumber":39,"author":{"gitId":"badassengineer"},"content":"                        taskList.add(new TodoTask(description));","lastModifiedDate":"2022-09-18"},{"lineNumber":40,"author":{"gitId":"badassengineer"},"content":"                        break;","lastModifiedDate":"2022-09-18"},{"lineNumber":41,"author":{"gitId":"badassengineer"},"content":"                    }","lastModifiedDate":"2022-09-18"},{"lineNumber":42,"author":{"gitId":"badassengineer"},"content":"                    case \"deadline\": {","lastModifiedDate":"2022-09-18"},{"lineNumber":43,"author":{"gitId":"badassengineer"},"content":"                        description \u003d userInput.substring(9, userInput.indexOf(\" /by\"));","lastModifiedDate":"2022-09-18"},{"lineNumber":44,"author":{"gitId":"badassengineer"},"content":"                        String by \u003d userInput.substring(userInput.indexOf(\"/by\") + 4);","lastModifiedDate":"2022-09-18"},{"lineNumber":45,"author":{"gitId":"badassengineer"},"content":"","lastModifiedDate":"2022-09-18"},{"lineNumber":46,"author":{"gitId":"badassengineer"},"content":"                        taskList.add(new DeadlineTask(description, by));","lastModifiedDate":"2022-09-18"},{"lineNumber":47,"author":{"gitId":"badassengineer"},"content":"                        break;","lastModifiedDate":"2022-09-18"},{"lineNumber":48,"author":{"gitId":"badassengineer"},"content":"                    }","lastModifiedDate":"2022-09-18"},{"lineNumber":49,"author":{"gitId":"badassengineer"},"content":"                    case \"event\": {","lastModifiedDate":"2022-09-18"},{"lineNumber":50,"author":{"gitId":"badassengineer"},"content":"                        description \u003d userInput.substring(6, userInput.indexOf(\" /at\"));","lastModifiedDate":"2022-09-18"},{"lineNumber":51,"author":{"gitId":"badassengineer"},"content":"                        String at \u003d userInput.substring(userInput.indexOf(\"/at\") + 4);","lastModifiedDate":"2022-09-18"},{"lineNumber":52,"author":{"gitId":"badassengineer"},"content":"","lastModifiedDate":"2022-09-18"},{"lineNumber":53,"author":{"gitId":"badassengineer"},"content":"                        taskList.add(new EventTask(description, at));","lastModifiedDate":"2022-09-18"},{"lineNumber":54,"author":{"gitId":"badassengineer"},"content":"                        break;","lastModifiedDate":"2022-09-18"},{"lineNumber":55,"author":{"gitId":"badassengineer"},"content":"                    }","lastModifiedDate":"2022-09-18"},{"lineNumber":56,"author":{"gitId":"badassengineer"},"content":"                }","lastModifiedDate":"2022-09-18"},{"lineNumber":57,"author":{"gitId":"badassengineer"},"content":"","lastModifiedDate":"2022-09-18"},{"lineNumber":58,"author":{"gitId":"badassengineer"},"content":"                for (int i \u003d 0; i \u003c taskList.size(); i++) {","lastModifiedDate":"2022-09-18"},{"lineNumber":59,"author":{"gitId":"badassengineer"},"content":"                    storage.saveTaskToFile(taskList.get(i), file);","lastModifiedDate":"2022-09-18"},{"lineNumber":60,"author":{"gitId":"badassengineer"},"content":"                }","lastModifiedDate":"2022-09-18"},{"lineNumber":61,"author":{"gitId":"badassengineer"},"content":"","lastModifiedDate":"2022-09-18"},{"lineNumber":62,"author":{"gitId":"badassengineer"},"content":"                System.out.println(\"     Got it. I\u0027ve added this task:\");","lastModifiedDate":"2022-09-18"},{"lineNumber":63,"author":{"gitId":"badassengineer"},"content":"                System.out.println(\"       \" + (taskList.get(taskList.size() - 1)));","lastModifiedDate":"2022-09-18"},{"lineNumber":64,"author":{"gitId":"badassengineer"},"content":"                System.out.println(\"     Now you have \" + Task.getTotalTask() + \" task(s) in the list.\");","lastModifiedDate":"2022-09-18"},{"lineNumber":65,"author":{"gitId":"badassengineer"},"content":"            }","lastModifiedDate":"2022-09-18"},{"lineNumber":66,"author":{"gitId":"badassengineer"},"content":"        } catch (ArrayIndexOutOfBoundsException e) {","lastModifiedDate":"2022-09-18"},{"lineNumber":67,"author":{"gitId":"badassengineer"},"content":"            throw new DukeException(\"\\u2639 \" + userInput + \" keyword must be followed by a new valid task\");","lastModifiedDate":"2022-09-18"},{"lineNumber":68,"author":{"gitId":"badassengineer"},"content":"        } catch (StringIndexOutOfBoundsException e) {","lastModifiedDate":"2022-09-18"},{"lineNumber":69,"author":{"gitId":"badassengineer"},"content":"            throw new DukeException(\"\\u2639 \" + \"Check the Duke basic input commands!!! Correct input format must be provided.\");","lastModifiedDate":"2022-09-18"},{"lineNumber":70,"author":{"gitId":"badassengineer"},"content":"        }","lastModifiedDate":"2022-09-18"},{"lineNumber":71,"author":{"gitId":"badassengineer"},"content":"    }","lastModifiedDate":"2022-09-18"},{"lineNumber":72,"author":{"gitId":"badassengineer"},"content":"","lastModifiedDate":"2022-09-18"},{"lineNumber":73,"author":{"gitId":"badassengineer"},"content":"    @Override","lastModifiedDate":"2022-09-18"},{"lineNumber":74,"author":{"gitId":"badassengineer"},"content":"    public boolean setIsExit() {","lastModifiedDate":"2022-09-18"},{"lineNumber":75,"author":{"gitId":"badassengineer"},"content":"        return isExit \u003d false;","lastModifiedDate":"2022-09-18"},{"lineNumber":76,"author":{"gitId":"badassengineer"},"content":"    }","lastModifiedDate":"2022-09-18"},{"lineNumber":77,"author":{"gitId":"badassengineer"},"content":"}","lastModifiedDate":"2022-09-18"}],"authorContributionMap":{"badassengineer":77}},{"path":"src/main/java/duke/commands/Command.java","fileType":"java","lines":[{"lineNumber":1,"author":{"gitId":"badassengineer"},"content":"package duke.commands;","lastModifiedDate":"2022-09-18"},{"lineNumber":2,"author":{"gitId":"badassengineer"},"content":"import duke.storage.Storage;","lastModifiedDate":"2022-09-18"},{"lineNumber":3,"author":{"gitId":"badassengineer"},"content":"import duke.task.Task;","lastModifiedDate":"2022-09-18"},{"lineNumber":4,"author":{"gitId":"badassengineer"},"content":"import duke.exception.DukeException;","lastModifiedDate":"2022-09-18"},{"lineNumber":5,"author":{"gitId":"badassengineer"},"content":"import java.io.File;","lastModifiedDate":"2022-09-18"},{"lineNumber":6,"author":{"gitId":"badassengineer"},"content":"import java.util.ArrayList;","lastModifiedDate":"2022-09-18"},{"lineNumber":7,"author":{"gitId":"badassengineer"},"content":"","lastModifiedDate":"2022-09-18"},{"lineNumber":8,"author":{"gitId":"badassengineer"},"content":"public abstract class Command {","lastModifiedDate":"2022-09-18"},{"lineNumber":9,"author":{"gitId":"badassengineer"},"content":"    public static boolean isExit \u003d false;","lastModifiedDate":"2022-09-18"},{"lineNumber":10,"author":{"gitId":"badassengineer"},"content":"","lastModifiedDate":"2022-09-18"},{"lineNumber":11,"author":{"gitId":"badassengineer"},"content":"    public abstract void execute(String userInput, ArrayList\u003cTask\u003e taskList, Storage storage, File file) throws DukeException;","lastModifiedDate":"2022-09-18"},{"lineNumber":12,"author":{"gitId":"badassengineer"},"content":"","lastModifiedDate":"2022-09-18"},{"lineNumber":13,"author":{"gitId":"badassengineer"},"content":"    public abstract boolean setIsExit();","lastModifiedDate":"2022-09-18"},{"lineNumber":14,"author":{"gitId":"badassengineer"},"content":"}","lastModifiedDate":"2022-09-18"}],"authorContributionMap":{"badassengineer":14}},{"path":"src/main/java/duke/commands/DeleteCommand.java","fileType":"java","lines":[{"lineNumber":1,"author":{"gitId":"badassengineer"},"content":"package duke.commands;","lastModifiedDate":"2022-09-18"},{"lineNumber":2,"author":{"gitId":"badassengineer"},"content":"import duke.exception.DukeException;","lastModifiedDate":"2022-09-18"},{"lineNumber":3,"author":{"gitId":"badassengineer"},"content":"import duke.storage.Storage;","lastModifiedDate":"2022-09-18"},{"lineNumber":4,"author":{"gitId":"badassengineer"},"content":"import duke.task.Task;","lastModifiedDate":"2022-09-18"},{"lineNumber":5,"author":{"gitId":"badassengineer"},"content":"import java.io.File;","lastModifiedDate":"2022-09-18"},{"lineNumber":6,"author":{"gitId":"badassengineer"},"content":"import java.util.ArrayList;","lastModifiedDate":"2022-09-18"},{"lineNumber":7,"author":{"gitId":"badassengineer"},"content":"","lastModifiedDate":"2022-09-18"},{"lineNumber":8,"author":{"gitId":"badassengineer"},"content":"public class DeleteCommand extends Command {","lastModifiedDate":"2022-09-18"},{"lineNumber":9,"author":{"gitId":"badassengineer"},"content":"    @Override","lastModifiedDate":"2022-09-18"},{"lineNumber":10,"author":{"gitId":"badassengineer"},"content":"    public void execute(String userInput, ArrayList\u003cTask\u003e taskList, Storage storage, File file) throws DukeException {","lastModifiedDate":"2022-09-18"},{"lineNumber":11,"author":{"gitId":"badassengineer"},"content":"        try {","lastModifiedDate":"2022-09-18"},{"lineNumber":12,"author":{"gitId":"badassengineer"},"content":"            String[] firstWord \u003d userInput.split(\" \", 2);","lastModifiedDate":"2022-09-18"},{"lineNumber":13,"author":{"gitId":"badassengineer"},"content":"            int taskIndex \u003d Integer.parseInt(firstWord[1]);","lastModifiedDate":"2022-09-18"},{"lineNumber":14,"author":{"gitId":"badassengineer"},"content":"","lastModifiedDate":"2022-09-18"},{"lineNumber":15,"author":{"gitId":"badassengineer"},"content":"            if (taskIndex \u003c 1 || taskIndex \u003e taskList.size()) {","lastModifiedDate":"2022-09-18"},{"lineNumber":16,"author":{"gitId":"badassengineer"},"content":"                throw new DukeException(\"The task item passed is not within the current task list range.\");","lastModifiedDate":"2022-09-18"},{"lineNumber":17,"author":{"gitId":"badassengineer"},"content":"            } else {","lastModifiedDate":"2022-09-18"},{"lineNumber":18,"author":{"gitId":"badassengineer"},"content":"                System.out.println(\"     Noted. I\u0027ve removed this task:\");","lastModifiedDate":"2022-09-18"},{"lineNumber":19,"author":{"gitId":"badassengineer"},"content":"                System.out.println(\"       \" + (taskList.get(Integer.parseInt(Integer.toString(taskIndex)) - 1)));","lastModifiedDate":"2022-09-18"},{"lineNumber":20,"author":{"gitId":"badassengineer"},"content":"                System.out.println(\"     Now you have \" + (taskList.size() - 1) + \" task(s) in the list.\");","lastModifiedDate":"2022-09-18"},{"lineNumber":21,"author":{"gitId":"badassengineer"},"content":"","lastModifiedDate":"2022-09-18"},{"lineNumber":22,"author":{"gitId":"badassengineer"},"content":"                taskList.remove(taskIndex - 1);","lastModifiedDate":"2022-09-18"},{"lineNumber":23,"author":{"gitId":"badassengineer"},"content":"                Task.setTotalTask();","lastModifiedDate":"2022-09-18"},{"lineNumber":24,"author":{"gitId":"badassengineer"},"content":"                storage.updateTaskFile(taskList, file);","lastModifiedDate":"2022-09-18"},{"lineNumber":25,"author":{"gitId":"badassengineer"},"content":"            }","lastModifiedDate":"2022-09-18"},{"lineNumber":26,"author":{"gitId":"badassengineer"},"content":"        } catch (StringIndexOutOfBoundsException e) {","lastModifiedDate":"2022-09-18"},{"lineNumber":27,"author":{"gitId":"badassengineer"},"content":"            throw new DukeException(\"\\u2639 \" + \"Check the Duke basic input commands!!! Correct input format for \u0027unmark\u0027 keyword must be provided.\");","lastModifiedDate":"2022-09-18"},{"lineNumber":28,"author":{"gitId":"badassengineer"},"content":"        } catch (IndexOutOfBoundsException e) {","lastModifiedDate":"2022-09-18"},{"lineNumber":29,"author":{"gitId":"badassengineer"},"content":"            throw new DukeException(\"\\u2639 \" + \"OOPS!!! It\u0027s either the task\u0027s list is empty or the index entered is out of bound.\");","lastModifiedDate":"2022-09-18"},{"lineNumber":30,"author":{"gitId":"badassengineer"},"content":"        } catch (NumberFormatException e) {","lastModifiedDate":"2022-09-18"},{"lineNumber":31,"author":{"gitId":"badassengineer"},"content":"            throw new DukeException(\"\\u2639 \" + \"Check the Duke basic input commands!!! \u0027delete\u0027 keyword must be followed by a positive integer.\");","lastModifiedDate":"2022-09-18"},{"lineNumber":32,"author":{"gitId":"badassengineer"},"content":"        }","lastModifiedDate":"2022-09-18"},{"lineNumber":33,"author":{"gitId":"badassengineer"},"content":"    }","lastModifiedDate":"2022-09-18"},{"lineNumber":34,"author":{"gitId":"badassengineer"},"content":"    @Override","lastModifiedDate":"2022-09-18"},{"lineNumber":35,"author":{"gitId":"badassengineer"},"content":"    public boolean setIsExit() {","lastModifiedDate":"2022-09-18"},{"lineNumber":36,"author":{"gitId":"badassengineer"},"content":"        return isExit \u003d false;","lastModifiedDate":"2022-09-18"},{"lineNumber":37,"author":{"gitId":"badassengineer"},"content":"    }","lastModifiedDate":"2022-09-18"},{"lineNumber":38,"author":{"gitId":"badassengineer"},"content":"}","lastModifiedDate":"2022-09-18"}],"authorContributionMap":{"badassengineer":38}},{"path":"src/main/java/duke/commands/ExitCommand.java","fileType":"java","lines":[{"lineNumber":1,"author":{"gitId":"badassengineer"},"content":"package duke.commands;","lastModifiedDate":"2022-09-18"},{"lineNumber":2,"author":{"gitId":"badassengineer"},"content":"import duke.storage.Storage;","lastModifiedDate":"2022-09-18"},{"lineNumber":3,"author":{"gitId":"badassengineer"},"content":"import duke.task.Task;","lastModifiedDate":"2022-09-18"},{"lineNumber":4,"author":{"gitId":"badassengineer"},"content":"","lastModifiedDate":"2022-09-18"},{"lineNumber":5,"author":{"gitId":"badassengineer"},"content":"import java.io.File;","lastModifiedDate":"2022-09-18"},{"lineNumber":6,"author":{"gitId":"badassengineer"},"content":"import java.util.ArrayList;","lastModifiedDate":"2022-09-18"},{"lineNumber":7,"author":{"gitId":"badassengineer"},"content":"","lastModifiedDate":"2022-09-18"},{"lineNumber":8,"author":{"gitId":"badassengineer"},"content":"public class ExitCommand extends Command{","lastModifiedDate":"2022-09-18"},{"lineNumber":9,"author":{"gitId":"badassengineer"},"content":"    @Override","lastModifiedDate":"2022-09-18"},{"lineNumber":10,"author":{"gitId":"badassengineer"},"content":"    public void execute(String userInput, ArrayList\u003cTask\u003e taskList, Storage storage, File file) {","lastModifiedDate":"2022-09-18"},{"lineNumber":11,"author":{"gitId":"badassengineer"},"content":"        System.out.println(\"    Bye. Hope to see you again soon!\");","lastModifiedDate":"2022-09-18"},{"lineNumber":12,"author":{"gitId":"badassengineer"},"content":"//        System.exit(0); // This is a good alternative for setIsExit() method below.","lastModifiedDate":"2022-09-18"},{"lineNumber":13,"author":{"gitId":"badassengineer"},"content":"    }","lastModifiedDate":"2022-09-18"},{"lineNumber":14,"author":{"gitId":"badassengineer"},"content":"","lastModifiedDate":"2022-09-18"},{"lineNumber":15,"author":{"gitId":"badassengineer"},"content":"    @Override","lastModifiedDate":"2022-09-18"},{"lineNumber":16,"author":{"gitId":"badassengineer"},"content":"    public boolean setIsExit() {","lastModifiedDate":"2022-09-18"},{"lineNumber":17,"author":{"gitId":"badassengineer"},"content":"        return isExit \u003d true;","lastModifiedDate":"2022-09-18"},{"lineNumber":18,"author":{"gitId":"badassengineer"},"content":"    }","lastModifiedDate":"2022-09-18"},{"lineNumber":19,"author":{"gitId":"badassengineer"},"content":"}","lastModifiedDate":"2022-09-18"}],"authorContributionMap":{"badassengineer":19}},{"path":"src/main/java/duke/commands/ListCommand.java","fileType":"java","lines":[{"lineNumber":1,"author":{"gitId":"badassengineer"},"content":"package duke.commands;","lastModifiedDate":"2022-09-18"},{"lineNumber":2,"author":{"gitId":"badassengineer"},"content":"import duke.exception.DukeException;","lastModifiedDate":"2022-09-18"},{"lineNumber":3,"author":{"gitId":"badassengineer"},"content":"import duke.storage.Storage;","lastModifiedDate":"2022-09-18"},{"lineNumber":4,"author":{"gitId":"badassengineer"},"content":"import duke.task.Task;","lastModifiedDate":"2022-09-18"},{"lineNumber":5,"author":{"gitId":"badassengineer"},"content":"","lastModifiedDate":"2022-09-18"},{"lineNumber":6,"author":{"gitId":"badassengineer"},"content":"import java.io.File;","lastModifiedDate":"2022-09-18"},{"lineNumber":7,"author":{"gitId":"badassengineer"},"content":"import java.util.ArrayList;","lastModifiedDate":"2022-09-18"},{"lineNumber":8,"author":{"gitId":"badassengineer"},"content":"","lastModifiedDate":"2022-09-18"},{"lineNumber":9,"author":{"gitId":"badassengineer"},"content":"public class ListCommand extends Command {","lastModifiedDate":"2022-09-18"},{"lineNumber":10,"author":{"gitId":"badassengineer"},"content":"    @Override","lastModifiedDate":"2022-09-18"},{"lineNumber":11,"author":{"gitId":"badassengineer"},"content":"    public void execute(String userInput, ArrayList\u003cTask\u003e taskList, Storage storage, File file) throws DukeException {","lastModifiedDate":"2022-09-18"},{"lineNumber":12,"author":{"gitId":"badassengineer"},"content":"        if (taskList.isEmpty()) {","lastModifiedDate":"2022-09-18"},{"lineNumber":13,"author":{"gitId":"badassengineer"},"content":"            throw new DukeException(\"    The list is empty!\");","lastModifiedDate":"2022-09-18"},{"lineNumber":14,"author":{"gitId":"badassengineer"},"content":"        } else {","lastModifiedDate":"2022-09-18"},{"lineNumber":15,"author":{"gitId":"badassengineer"},"content":"            System.out.println(\"    Here are the task(s) in your file:\");","lastModifiedDate":"2022-09-18"},{"lineNumber":16,"author":{"gitId":"badassengineer"},"content":"            for (int i \u003d 0; i \u003c taskList.size(); i++) {","lastModifiedDate":"2022-09-18"},{"lineNumber":17,"author":{"gitId":"badassengineer"},"content":"                System.out.println(\"      \" + (i + 1) + \".\" + (taskList.get(i)));","lastModifiedDate":"2022-09-18"},{"lineNumber":18,"author":{"gitId":"badassengineer"},"content":"            }","lastModifiedDate":"2022-09-18"},{"lineNumber":19,"author":{"gitId":"badassengineer"},"content":"        }","lastModifiedDate":"2022-09-18"},{"lineNumber":20,"author":{"gitId":"badassengineer"},"content":"    }","lastModifiedDate":"2022-09-18"},{"lineNumber":21,"author":{"gitId":"badassengineer"},"content":"","lastModifiedDate":"2022-09-18"},{"lineNumber":22,"author":{"gitId":"badassengineer"},"content":"    @Override","lastModifiedDate":"2022-09-18"},{"lineNumber":23,"author":{"gitId":"badassengineer"},"content":"    public boolean setIsExit() {","lastModifiedDate":"2022-09-18"},{"lineNumber":24,"author":{"gitId":"badassengineer"},"content":"        return isExit \u003d false;","lastModifiedDate":"2022-09-18"},{"lineNumber":25,"author":{"gitId":"badassengineer"},"content":"    }","lastModifiedDate":"2022-09-18"},{"lineNumber":26,"author":{"gitId":"badassengineer"},"content":"}","lastModifiedDate":"2022-09-18"}],"authorContributionMap":{"badassengineer":26}},{"path":"src/main/java/duke/commands/MarkCommand.java","fileType":"java","lines":[{"lineNumber":1,"author":{"gitId":"badassengineer"},"content":"package duke.commands;","lastModifiedDate":"2022-09-18"},{"lineNumber":2,"author":{"gitId":"badassengineer"},"content":"import duke.task.Task;","lastModifiedDate":"2022-09-18"},{"lineNumber":3,"author":{"gitId":"badassengineer"},"content":"import duke.storage.Storage;","lastModifiedDate":"2022-09-18"},{"lineNumber":4,"author":{"gitId":"badassengineer"},"content":"import duke.exception.DukeException;","lastModifiedDate":"2022-09-18"},{"lineNumber":5,"author":{"gitId":"badassengineer"},"content":"import java.io.File;","lastModifiedDate":"2022-09-18"},{"lineNumber":6,"author":{"gitId":"badassengineer"},"content":"import java.util.ArrayList;","lastModifiedDate":"2022-09-18"},{"lineNumber":7,"author":{"gitId":"badassengineer"},"content":"","lastModifiedDate":"2022-09-18"},{"lineNumber":8,"author":{"gitId":"badassengineer"},"content":"public class MarkCommand extends Command{","lastModifiedDate":"2022-09-18"},{"lineNumber":9,"author":{"gitId":"badassengineer"},"content":"    @Override","lastModifiedDate":"2022-09-18"},{"lineNumber":10,"author":{"gitId":"badassengineer"},"content":"    public void execute(String userInput, ArrayList\u003cTask\u003e taskList, Storage storage, File file) throws DukeException {","lastModifiedDate":"2022-09-18"},{"lineNumber":11,"author":{"gitId":"badassengineer"},"content":"        try {","lastModifiedDate":"2022-09-18"},{"lineNumber":12,"author":{"gitId":"badassengineer"},"content":"            int markTaskIndex \u003d Integer.parseInt(userInput.substring(5)) - 1;","lastModifiedDate":"2022-09-18"},{"lineNumber":13,"author":{"gitId":"badassengineer"},"content":"","lastModifiedDate":"2022-09-18"},{"lineNumber":14,"author":{"gitId":"badassengineer"},"content":"            taskList.get(markTaskIndex).setStatusIcon(\"mark\");","lastModifiedDate":"2022-09-18"},{"lineNumber":15,"author":{"gitId":"badassengineer"},"content":"            System.out.println(\"    Nice! I\u0027ve marked this task as done:\");","lastModifiedDate":"2022-09-18"},{"lineNumber":16,"author":{"gitId":"badassengineer"},"content":"            System.out.println(\"      \" + taskList.get(markTaskIndex));","lastModifiedDate":"2022-09-18"},{"lineNumber":17,"author":{"gitId":"badassengineer"},"content":"            storage.updateTaskFile(taskList, file);","lastModifiedDate":"2022-09-18"},{"lineNumber":18,"author":{"gitId":"badassengineer"},"content":"        } catch (StringIndexOutOfBoundsException e) {","lastModifiedDate":"2022-09-18"},{"lineNumber":19,"author":{"gitId":"badassengineer"},"content":"            throw new DukeException(\"\\u2639 \" + \"Check the Duke basic input commands!!! Correct input format for \u0027mark\u0027 keyword must be provided.\");","lastModifiedDate":"2022-09-18"},{"lineNumber":20,"author":{"gitId":"badassengineer"},"content":"        } catch (IndexOutOfBoundsException e) {","lastModifiedDate":"2022-09-18"},{"lineNumber":21,"author":{"gitId":"badassengineer"},"content":"            throw new DukeException(\"\\u2639 \" + \"OOPS!!! It\u0027s either the task\u0027s list is empty or the index entered is out of bound.\");","lastModifiedDate":"2022-09-18"},{"lineNumber":22,"author":{"gitId":"badassengineer"},"content":"        } catch (NumberFormatException e) {","lastModifiedDate":"2022-09-18"},{"lineNumber":23,"author":{"gitId":"badassengineer"},"content":"            throw new DukeException(\"\\u2639 \" + \"Check the Duke basic input commands!!! \u0027mark\u0027 keyword must be followed by a positive integer.\");","lastModifiedDate":"2022-09-18"},{"lineNumber":24,"author":{"gitId":"badassengineer"},"content":"        } catch (DukeException e) {","lastModifiedDate":"2022-09-18"},{"lineNumber":25,"author":{"gitId":"badassengineer"},"content":"            throw new DukeException(\"Something went wrong: \" + e.getMessage());","lastModifiedDate":"2022-09-18"},{"lineNumber":26,"author":{"gitId":"badassengineer"},"content":"        }","lastModifiedDate":"2022-09-18"},{"lineNumber":27,"author":{"gitId":"badassengineer"},"content":"    }","lastModifiedDate":"2022-09-18"},{"lineNumber":28,"author":{"gitId":"badassengineer"},"content":"    @Override","lastModifiedDate":"2022-09-18"},{"lineNumber":29,"author":{"gitId":"badassengineer"},"content":"    public boolean setIsExit() {","lastModifiedDate":"2022-09-18"},{"lineNumber":30,"author":{"gitId":"badassengineer"},"content":"        return isExit \u003d false;","lastModifiedDate":"2022-09-18"},{"lineNumber":31,"author":{"gitId":"badassengineer"},"content":"    }","lastModifiedDate":"2022-09-18"},{"lineNumber":32,"author":{"gitId":"badassengineer"},"content":"}","lastModifiedDate":"2022-09-18"}],"authorContributionMap":{"badassengineer":32}},{"path":"src/main/java/duke/commands/UnmarkCommand.java","fileType":"java","lines":[{"lineNumber":1,"author":{"gitId":"badassengineer"},"content":"package duke.commands;","lastModifiedDate":"2022-09-18"},{"lineNumber":2,"author":{"gitId":"badassengineer"},"content":"import duke.exception.DukeException;","lastModifiedDate":"2022-09-18"},{"lineNumber":3,"author":{"gitId":"badassengineer"},"content":"import duke.storage.Storage;","lastModifiedDate":"2022-09-18"},{"lineNumber":4,"author":{"gitId":"badassengineer"},"content":"import duke.task.Task;","lastModifiedDate":"2022-09-18"},{"lineNumber":5,"author":{"gitId":"badassengineer"},"content":"","lastModifiedDate":"2022-09-18"},{"lineNumber":6,"author":{"gitId":"badassengineer"},"content":"import java.io.File;","lastModifiedDate":"2022-09-18"},{"lineNumber":7,"author":{"gitId":"badassengineer"},"content":"import java.util.ArrayList;","lastModifiedDate":"2022-09-18"},{"lineNumber":8,"author":{"gitId":"badassengineer"},"content":"","lastModifiedDate":"2022-09-18"},{"lineNumber":9,"author":{"gitId":"badassengineer"},"content":"public class UnmarkCommand extends Command{","lastModifiedDate":"2022-09-18"},{"lineNumber":10,"author":{"gitId":"badassengineer"},"content":"    @Override","lastModifiedDate":"2022-09-18"},{"lineNumber":11,"author":{"gitId":"badassengineer"},"content":"    public void execute(String userInput, ArrayList\u003cTask\u003e taskList, Storage storage, File file) throws DukeException {","lastModifiedDate":"2022-09-18"},{"lineNumber":12,"author":{"gitId":"badassengineer"},"content":"        try {","lastModifiedDate":"2022-09-18"},{"lineNumber":13,"author":{"gitId":"badassengineer"},"content":"            int unmarkTaskIndex \u003d Integer.parseInt(userInput.substring(7)) - 1;","lastModifiedDate":"2022-09-18"},{"lineNumber":14,"author":{"gitId":"badassengineer"},"content":"","lastModifiedDate":"2022-09-18"},{"lineNumber":15,"author":{"gitId":"badassengineer"},"content":"            taskList.get(unmarkTaskIndex).setStatusIcon(\"unmark\");","lastModifiedDate":"2022-09-18"},{"lineNumber":16,"author":{"gitId":"badassengineer"},"content":"            System.out.println(\"    OK, I\u0027ve marked this task as not done yet:\");","lastModifiedDate":"2022-09-18"},{"lineNumber":17,"author":{"gitId":"badassengineer"},"content":"            System.out.println(\"      \" + taskList.get(unmarkTaskIndex));","lastModifiedDate":"2022-09-18"},{"lineNumber":18,"author":{"gitId":"badassengineer"},"content":"            storage.updateTaskFile(taskList, file);","lastModifiedDate":"2022-09-18"},{"lineNumber":19,"author":{"gitId":"badassengineer"},"content":"        } catch (StringIndexOutOfBoundsException e) {","lastModifiedDate":"2022-09-18"},{"lineNumber":20,"author":{"gitId":"badassengineer"},"content":"            throw new DukeException(\"\\u2639 \" + \"Check the Duke basic input commands!!! Correct input format for \u0027unmark\u0027 keyword must be provided.\");","lastModifiedDate":"2022-09-18"},{"lineNumber":21,"author":{"gitId":"badassengineer"},"content":"        } catch (IndexOutOfBoundsException e) {","lastModifiedDate":"2022-09-18"},{"lineNumber":22,"author":{"gitId":"badassengineer"},"content":"            throw new DukeException(\"\\u2639 \" + \"OOPS!!! It\u0027s either the task\u0027s list is empty or the index entered is out of bound.\");","lastModifiedDate":"2022-09-18"},{"lineNumber":23,"author":{"gitId":"badassengineer"},"content":"        } catch (NumberFormatException e) {","lastModifiedDate":"2022-09-18"},{"lineNumber":24,"author":{"gitId":"badassengineer"},"content":"            throw new DukeException(\"\\u2639 \" + \"Check the Duke basic input commands!!! \u0027unmark\u0027 keyword must be followed by a positive integer.\");","lastModifiedDate":"2022-09-18"},{"lineNumber":25,"author":{"gitId":"badassengineer"},"content":"        } catch (DukeException e) {","lastModifiedDate":"2022-09-18"},{"lineNumber":26,"author":{"gitId":"badassengineer"},"content":"            throw new DukeException(\"Something went wrong: \" + e.getMessage());","lastModifiedDate":"2022-09-18"},{"lineNumber":27,"author":{"gitId":"badassengineer"},"content":"        }","lastModifiedDate":"2022-09-18"},{"lineNumber":28,"author":{"gitId":"badassengineer"},"content":"    }","lastModifiedDate":"2022-09-18"},{"lineNumber":29,"author":{"gitId":"badassengineer"},"content":"    @Override","lastModifiedDate":"2022-09-18"},{"lineNumber":30,"author":{"gitId":"badassengineer"},"content":"    public boolean setIsExit() {","lastModifiedDate":"2022-09-18"},{"lineNumber":31,"author":{"gitId":"badassengineer"},"content":"        return isExit \u003d false;","lastModifiedDate":"2022-09-18"},{"lineNumber":32,"author":{"gitId":"badassengineer"},"content":"    }","lastModifiedDate":"2022-09-18"},{"lineNumber":33,"author":{"gitId":"badassengineer"},"content":"}","lastModifiedDate":"2022-09-18"}],"authorContributionMap":{"badassengineer":33}},{"path":"src/main/java/duke/exception/DukeException.java","fileType":"java","lines":[{"lineNumber":1,"author":{"gitId":"badassengineer"},"content":"package duke.exception;","lastModifiedDate":"2022-09-04"},{"lineNumber":2,"author":{"gitId":"badassengineer"},"content":"","lastModifiedDate":"2022-09-04"},{"lineNumber":3,"author":{"gitId":"badassengineer"},"content":"/**","lastModifiedDate":"2022-09-17"},{"lineNumber":4,"author":{"gitId":"badassengineer"},"content":" * This class handles user-defined exception message.","lastModifiedDate":"2022-09-17"},{"lineNumber":5,"author":{"gitId":"badassengineer"},"content":" */","lastModifiedDate":"2022-09-17"},{"lineNumber":6,"author":{"gitId":"badassengineer"},"content":"public class DukeException extends Exception {","lastModifiedDate":"2022-09-04"},{"lineNumber":7,"author":{"gitId":"badassengineer"},"content":"    public DukeException(String message) {","lastModifiedDate":"2022-09-04"},{"lineNumber":8,"author":{"gitId":"badassengineer"},"content":"        super(message);","lastModifiedDate":"2022-09-04"},{"lineNumber":9,"author":{"gitId":"badassengineer"},"content":"    }","lastModifiedDate":"2022-09-04"},{"lineNumber":10,"author":{"gitId":"badassengineer"},"content":"}","lastModifiedDate":"2022-09-04"}],"authorContributionMap":{"badassengineer":10}},{"path":"src/main/java/duke/parser/Parser.java","fileType":"java","lines":[{"lineNumber":1,"author":{"gitId":"badassengineer"},"content":"package duke.parser;","lastModifiedDate":"2022-09-18"},{"lineNumber":2,"author":{"gitId":"badassengineer"},"content":"import duke.storage.Storage;","lastModifiedDate":"2022-09-18"},{"lineNumber":3,"author":{"gitId":"badassengineer"},"content":"import duke.task.Task;","lastModifiedDate":"2022-09-18"},{"lineNumber":4,"author":{"gitId":"badassengineer"},"content":"import duke.commands.*;","lastModifiedDate":"2022-09-18"},{"lineNumber":5,"author":{"gitId":"badassengineer"},"content":"import duke.exception.DukeException;","lastModifiedDate":"2022-09-18"},{"lineNumber":6,"author":{"gitId":"badassengineer"},"content":"import java.io.File;","lastModifiedDate":"2022-09-18"},{"lineNumber":7,"author":{"gitId":"badassengineer"},"content":"import java.io.FileNotFoundException;","lastModifiedDate":"2022-09-18"},{"lineNumber":8,"author":{"gitId":"badassengineer"},"content":"import java.nio.file.Path;","lastModifiedDate":"2022-09-18"},{"lineNumber":9,"author":{"gitId":"badassengineer"},"content":"import java.util.Scanner;","lastModifiedDate":"2022-09-18"},{"lineNumber":10,"author":{"gitId":"badassengineer"},"content":"","lastModifiedDate":"2022-09-18"},{"lineNumber":11,"author":{"gitId":"badassengineer"},"content":"public class Parser {","lastModifiedDate":"2022-09-18"},{"lineNumber":12,"author":{"gitId":"badassengineer"},"content":"    public static void  parseTaskFromFile(Path pathFile, Storage storage) {","lastModifiedDate":"2022-09-18"},{"lineNumber":13,"author":{"gitId":"badassengineer"},"content":"        try {","lastModifiedDate":"2022-09-18"},{"lineNumber":14,"author":{"gitId":"badassengineer"},"content":"            File f \u003d pathFile.toFile();","lastModifiedDate":"2022-09-18"},{"lineNumber":15,"author":{"gitId":"badassengineer"},"content":"            Scanner s \u003d new Scanner(f);","lastModifiedDate":"2022-09-18"},{"lineNumber":16,"author":{"gitId":"badassengineer"},"content":"","lastModifiedDate":"2022-09-18"},{"lineNumber":17,"author":{"gitId":"badassengineer"},"content":"            while (s.hasNext()) {","lastModifiedDate":"2022-09-18"},{"lineNumber":18,"author":{"gitId":"badassengineer"},"content":"                String line \u003d s.nextLine();","lastModifiedDate":"2022-09-18"},{"lineNumber":19,"author":{"gitId":"badassengineer"},"content":"                boolean taskStatus \u003d false;","lastModifiedDate":"2022-09-18"},{"lineNumber":20,"author":{"gitId":"badassengineer"},"content":"","lastModifiedDate":"2022-09-18"},{"lineNumber":21,"author":{"gitId":"badassengineer"},"content":"                if (line.charAt(4) \u003d\u003d \u0027X\u0027) {","lastModifiedDate":"2022-09-18"},{"lineNumber":22,"author":{"gitId":"badassengineer"},"content":"                    taskStatus \u003d true;","lastModifiedDate":"2022-09-18"},{"lineNumber":23,"author":{"gitId":"badassengineer"},"content":"                }","lastModifiedDate":"2022-09-18"},{"lineNumber":24,"author":{"gitId":"badassengineer"},"content":"","lastModifiedDate":"2022-09-18"},{"lineNumber":25,"author":{"gitId":"badassengineer"},"content":"                if (line.startsWith(\"[T]\")) {","lastModifiedDate":"2022-09-18"},{"lineNumber":26,"author":{"gitId":"badassengineer"},"content":"                    storage.loadTaskFromFile(\"todo \" + line.substring(7), taskStatus);","lastModifiedDate":"2022-09-18"},{"lineNumber":27,"author":{"gitId":"badassengineer"},"content":"                } else if (line.startsWith(\"[D]\")) {","lastModifiedDate":"2022-09-18"},{"lineNumber":28,"author":{"gitId":"badassengineer"},"content":"                    storage.loadTaskFromFile(\"deadline \" + line.substring(7, line.indexOf(\" (\")) + \" /by \" + line.substring(line.indexOf(\" (\") + 6, line.indexOf(\")\")), taskStatus);","lastModifiedDate":"2022-09-18"},{"lineNumber":29,"author":{"gitId":"badassengineer"},"content":"                } else if (line.startsWith(\"[E]\")) {","lastModifiedDate":"2022-09-18"},{"lineNumber":30,"author":{"gitId":"badassengineer"},"content":"                    storage.loadTaskFromFile(\"event \" + line.substring(7, line.indexOf(\" (\")) + \" /at \" + line.substring(line.indexOf(\" (\") + 6, line.indexOf(\")\")), taskStatus);","lastModifiedDate":"2022-09-18"},{"lineNumber":31,"author":{"gitId":"badassengineer"},"content":"                }","lastModifiedDate":"2022-09-18"},{"lineNumber":32,"author":{"gitId":"badassengineer"},"content":"            }","lastModifiedDate":"2022-09-18"},{"lineNumber":33,"author":{"gitId":"badassengineer"},"content":"            System.out.println(\"    Currently, you have \" + Task.getTotalTask() + \" task(s) in the list.\\n\");","lastModifiedDate":"2022-09-18"},{"lineNumber":34,"author":{"gitId":"badassengineer"},"content":"        } catch (FileNotFoundException e) {","lastModifiedDate":"2022-09-18"},{"lineNumber":35,"author":{"gitId":"badassengineer"},"content":"            System.out.println(\"File not found: \" + e.getMessage());","lastModifiedDate":"2022-09-18"},{"lineNumber":36,"author":{"gitId":"badassengineer"},"content":"        }","lastModifiedDate":"2022-09-18"},{"lineNumber":37,"author":{"gitId":"badassengineer"},"content":"    }","lastModifiedDate":"2022-09-18"},{"lineNumber":38,"author":{"gitId":"badassengineer"},"content":"","lastModifiedDate":"2022-09-18"},{"lineNumber":39,"author":{"gitId":"badassengineer"},"content":"    public static Command parseUserInput(String userInput) throws DukeException {","lastModifiedDate":"2022-09-18"},{"lineNumber":40,"author":{"gitId":"badassengineer"},"content":"        String[] firstWord \u003d userInput.split(\" \", 2);","lastModifiedDate":"2022-09-18"},{"lineNumber":41,"author":{"gitId":"badassengineer"},"content":"","lastModifiedDate":"2022-09-18"},{"lineNumber":42,"author":{"gitId":"badassengineer"},"content":"        switch (firstWord[0]) {","lastModifiedDate":"2022-09-18"},{"lineNumber":43,"author":{"gitId":"badassengineer"},"content":"            case \"bye\": return new ExitCommand();","lastModifiedDate":"2022-09-18"},{"lineNumber":44,"author":{"gitId":"badassengineer"},"content":"            case \"list\": return new ListCommand();","lastModifiedDate":"2022-09-18"},{"lineNumber":45,"author":{"gitId":"badassengineer"},"content":"            case \"mark\": return new MarkCommand();","lastModifiedDate":"2022-09-18"},{"lineNumber":46,"author":{"gitId":"badassengineer"},"content":"            case \"unmark\": return new UnmarkCommand();","lastModifiedDate":"2022-09-18"},{"lineNumber":47,"author":{"gitId":"badassengineer"},"content":"            case \"todo\":","lastModifiedDate":"2022-09-18"},{"lineNumber":48,"author":{"gitId":"badassengineer"},"content":"            case \"deadline\":","lastModifiedDate":"2022-09-18"},{"lineNumber":49,"author":{"gitId":"badassengineer"},"content":"            case \"event\":","lastModifiedDate":"2022-09-18"},{"lineNumber":50,"author":{"gitId":"badassengineer"},"content":"                return new AddCommand();","lastModifiedDate":"2022-09-18"},{"lineNumber":51,"author":{"gitId":"badassengineer"},"content":"            case \"delete\": return new DeleteCommand();","lastModifiedDate":"2022-09-18"},{"lineNumber":52,"author":{"gitId":"badassengineer"},"content":"            default: throw new DukeException(\"\\u2639 \" + \"OOPS!!! I\u0027m sorry, but I don\u0027t know what that means :-(\");","lastModifiedDate":"2022-09-18"},{"lineNumber":53,"author":{"gitId":"badassengineer"},"content":"        }","lastModifiedDate":"2022-09-18"},{"lineNumber":54,"author":{"gitId":"badassengineer"},"content":"    }","lastModifiedDate":"2022-09-18"},{"lineNumber":55,"author":{"gitId":"badassengineer"},"content":"}","lastModifiedDate":"2022-09-18"}],"authorContributionMap":{"badassengineer":55}},{"path":"src/main/java/duke/storage/Storage.java","fileType":"java","lines":[{"lineNumber":1,"author":{"gitId":"badassengineer"},"content":"package duke.storage;","lastModifiedDate":"2022-09-18"},{"lineNumber":2,"author":{"gitId":"badassengineer"},"content":"import duke.task.Task;","lastModifiedDate":"2022-09-17"},{"lineNumber":3,"author":{"gitId":"badassengineer"},"content":"import duke.task.TodoTask;","lastModifiedDate":"2022-09-17"},{"lineNumber":4,"author":{"gitId":"badassengineer"},"content":"import duke.task.DeadlineTask;","lastModifiedDate":"2022-09-18"},{"lineNumber":5,"author":{"gitId":"badassengineer"},"content":"import duke.task.EventTask;","lastModifiedDate":"2022-09-18"},{"lineNumber":6,"author":{"gitId":"badassengineer"},"content":"import duke.exception.DukeException;","lastModifiedDate":"2022-09-18"},{"lineNumber":7,"author":{"gitId":"badassengineer"},"content":"import java.io.*;","lastModifiedDate":"2022-09-18"},{"lineNumber":8,"author":{"gitId":"badassengineer"},"content":"import java.nio.file.Files;","lastModifiedDate":"2022-09-17"},{"lineNumber":9,"author":{"gitId":"badassengineer"},"content":"import java.nio.file.Path;","lastModifiedDate":"2022-09-17"},{"lineNumber":10,"author":{"gitId":"badassengineer"},"content":"import java.util.ArrayList;","lastModifiedDate":"2022-09-17"},{"lineNumber":11,"author":{"gitId":"badassengineer"},"content":"import java.util.Scanner;","lastModifiedDate":"2022-09-17"},{"lineNumber":12,"author":{"gitId":"badassengineer"},"content":"","lastModifiedDate":"2022-09-17"},{"lineNumber":13,"author":{"gitId":"badassengineer"},"content":"public class Storage {","lastModifiedDate":"2022-09-18"},{"lineNumber":14,"author":{"gitId":"badassengineer"},"content":"    private Path myDirectory;","lastModifiedDate":"2022-09-17"},{"lineNumber":15,"author":{"gitId":"badassengineer"},"content":"    private Path myPathFile;","lastModifiedDate":"2022-09-17"},{"lineNumber":16,"author":{"gitId":"badassengineer"},"content":"    private ArrayList\u003cTask\u003e myTaskList;","lastModifiedDate":"2022-09-17"},{"lineNumber":17,"author":{"gitId":"badassengineer"},"content":"","lastModifiedDate":"2022-09-17"},{"lineNumber":18,"author":{"gitId":"badassengineer"},"content":"    public Storage(Path directory, Path pathFile, ArrayList\u003cTask\u003e taskList) {","lastModifiedDate":"2022-09-18"},{"lineNumber":19,"author":{"gitId":"badassengineer"},"content":"        myDirectory \u003d directory;","lastModifiedDate":"2022-09-17"},{"lineNumber":20,"author":{"gitId":"badassengineer"},"content":"        myPathFile \u003d pathFile;","lastModifiedDate":"2022-09-17"},{"lineNumber":21,"author":{"gitId":"badassengineer"},"content":"        myTaskList \u003d taskList;","lastModifiedDate":"2022-09-17"},{"lineNumber":22,"author":{"gitId":"badassengineer"},"content":"","lastModifiedDate":"2022-09-17"},{"lineNumber":23,"author":{"gitId":"badassengineer"},"content":"        try {","lastModifiedDate":"2022-09-17"},{"lineNumber":24,"author":{"gitId":"badassengineer"},"content":"            File dir \u003d new File(String.valueOf(directory));","lastModifiedDate":"2022-09-17"},{"lineNumber":25,"author":{"gitId":"badassengineer"},"content":"            if (!dir.exists()) dir.mkdirs();","lastModifiedDate":"2022-09-17"},{"lineNumber":26,"author":{"gitId":"badassengineer"},"content":"            Files.createFile(pathFile);","lastModifiedDate":"2022-09-17"},{"lineNumber":27,"author":{"gitId":"badassengineer"},"content":"        } catch (IOException e) {","lastModifiedDate":"2022-09-17"},{"lineNumber":28,"author":{"gitId":"badassengineer"},"content":"            System.out.println(\"    Your file already exists at \" + e.getMessage() + \".\\n    I will proceed to use this as the working file and update accordingly.\\n\");","lastModifiedDate":"2022-09-18"},{"lineNumber":29,"author":{"gitId":"badassengineer"},"content":"        }","lastModifiedDate":"2022-09-17"},{"lineNumber":30,"author":{"gitId":"badassengineer"},"content":"    }","lastModifiedDate":"2022-09-17"},{"lineNumber":31,"author":{"gitId":"badassengineer"},"content":"","lastModifiedDate":"2022-09-17"},{"lineNumber":32,"author":{"gitId":"badassengineer"},"content":"    public void loadTaskFromFile(String s, boolean status) {","lastModifiedDate":"2022-09-18"},{"lineNumber":33,"author":{"gitId":"badassengineer"},"content":"        String description;","lastModifiedDate":"2022-09-17"},{"lineNumber":34,"author":{"gitId":"badassengineer"},"content":"        String[] firstWord \u003d s.split(\" \", 2);","lastModifiedDate":"2022-09-17"},{"lineNumber":35,"author":{"gitId":"badassengineer"},"content":"","lastModifiedDate":"2022-09-17"},{"lineNumber":36,"author":{"gitId":"badassengineer"},"content":"        switch (firstWord[0]) {","lastModifiedDate":"2022-09-17"},{"lineNumber":37,"author":{"gitId":"badassengineer"},"content":"            case \"todo\": {","lastModifiedDate":"2022-09-17"},{"lineNumber":38,"author":{"gitId":"badassengineer"},"content":"                description \u003d s.substring(5);","lastModifiedDate":"2022-09-17"},{"lineNumber":39,"author":{"gitId":"badassengineer"},"content":"","lastModifiedDate":"2022-09-17"},{"lineNumber":40,"author":{"gitId":"badassengineer"},"content":"                myTaskList.add(new TodoTask(description, status));","lastModifiedDate":"2022-09-17"},{"lineNumber":41,"author":{"gitId":"badassengineer"},"content":"                break;","lastModifiedDate":"2022-09-17"},{"lineNumber":42,"author":{"gitId":"badassengineer"},"content":"            }","lastModifiedDate":"2022-09-17"},{"lineNumber":43,"author":{"gitId":"badassengineer"},"content":"            case \"deadline\": {","lastModifiedDate":"2022-09-17"},{"lineNumber":44,"author":{"gitId":"badassengineer"},"content":"                description \u003d s.substring(9, s.indexOf(\" /by\"));","lastModifiedDate":"2022-09-17"},{"lineNumber":45,"author":{"gitId":"badassengineer"},"content":"                String by \u003d s.substring(s.indexOf(\"/by\") + 4);","lastModifiedDate":"2022-09-17"},{"lineNumber":46,"author":{"gitId":"badassengineer"},"content":"","lastModifiedDate":"2022-09-17"},{"lineNumber":47,"author":{"gitId":"badassengineer"},"content":"                myTaskList.add(new DeadlineTask(description, status, by));","lastModifiedDate":"2022-09-17"},{"lineNumber":48,"author":{"gitId":"badassengineer"},"content":"                break;","lastModifiedDate":"2022-09-17"},{"lineNumber":49,"author":{"gitId":"badassengineer"},"content":"            }","lastModifiedDate":"2022-09-17"},{"lineNumber":50,"author":{"gitId":"badassengineer"},"content":"            case \"event\": {","lastModifiedDate":"2022-09-17"},{"lineNumber":51,"author":{"gitId":"badassengineer"},"content":"                description \u003d s.substring(6, s.indexOf(\" /at\"));","lastModifiedDate":"2022-09-17"},{"lineNumber":52,"author":{"gitId":"badassengineer"},"content":"                String at \u003d s.substring(s.indexOf(\"/at\") + 4);","lastModifiedDate":"2022-09-17"},{"lineNumber":53,"author":{"gitId":"badassengineer"},"content":"","lastModifiedDate":"2022-09-17"},{"lineNumber":54,"author":{"gitId":"badassengineer"},"content":"                myTaskList.add(new EventTask(description, status, at));","lastModifiedDate":"2022-09-17"},{"lineNumber":55,"author":{"gitId":"badassengineer"},"content":"                break;","lastModifiedDate":"2022-09-17"},{"lineNumber":56,"author":{"gitId":"badassengineer"},"content":"            }","lastModifiedDate":"2022-09-17"},{"lineNumber":57,"author":{"gitId":"badassengineer"},"content":"        }","lastModifiedDate":"2022-09-17"},{"lineNumber":58,"author":{"gitId":"badassengineer"},"content":"    }","lastModifiedDate":"2022-09-17"},{"lineNumber":59,"author":{"gitId":"badassengineer"},"content":"","lastModifiedDate":"2022-09-18"},{"lineNumber":60,"author":{"gitId":"badassengineer"},"content":"    public void updateTaskFile(ArrayList\u003cTask\u003e taskList, File file) throws DukeException {","lastModifiedDate":"2022-09-18"},{"lineNumber":61,"author":{"gitId":"badassengineer"},"content":"        try {","lastModifiedDate":"2022-09-18"},{"lineNumber":62,"author":{"gitId":"badassengineer"},"content":"            PrintWriter pw \u003d new PrintWriter(file);","lastModifiedDate":"2022-09-18"},{"lineNumber":63,"author":{"gitId":"badassengineer"},"content":"","lastModifiedDate":"2022-09-18"},{"lineNumber":64,"author":{"gitId":"badassengineer"},"content":"            pw.print(\"\");","lastModifiedDate":"2022-09-18"},{"lineNumber":65,"author":{"gitId":"badassengineer"},"content":"            pw.close();","lastModifiedDate":"2022-09-18"},{"lineNumber":66,"author":{"gitId":"badassengineer"},"content":"","lastModifiedDate":"2022-09-18"},{"lineNumber":67,"author":{"gitId":"badassengineer"},"content":"            for (int i \u003d 0; i \u003c taskList.size(); i++) {","lastModifiedDate":"2022-09-18"},{"lineNumber":68,"author":{"gitId":"badassengineer"},"content":"                saveTaskToFile(taskList.get(i), file);","lastModifiedDate":"2022-09-18"},{"lineNumber":69,"author":{"gitId":"badassengineer"},"content":"            }","lastModifiedDate":"2022-09-18"},{"lineNumber":70,"author":{"gitId":"badassengineer"},"content":"        } catch (IOException e) {","lastModifiedDate":"2022-09-18"},{"lineNumber":71,"author":{"gitId":"badassengineer"},"content":"            throw new DukeException(\"Something went wrong: \" + e.getMessage());","lastModifiedDate":"2022-09-18"},{"lineNumber":72,"author":{"gitId":"badassengineer"},"content":"        }","lastModifiedDate":"2022-09-18"},{"lineNumber":73,"author":{"gitId":"badassengineer"},"content":"    }","lastModifiedDate":"2022-09-18"},{"lineNumber":74,"author":{"gitId":"badassengineer"},"content":"","lastModifiedDate":"2022-09-18"},{"lineNumber":75,"author":{"gitId":"badassengineer"},"content":"    public void saveTaskToFile(Task task, File file) throws DukeException {","lastModifiedDate":"2022-09-18"},{"lineNumber":76,"author":{"gitId":"badassengineer"},"content":"        try {","lastModifiedDate":"2022-09-18"},{"lineNumber":77,"author":{"gitId":"badassengineer"},"content":"            File f \u003d file;","lastModifiedDate":"2022-09-18"},{"lineNumber":78,"author":{"gitId":"badassengineer"},"content":"            Scanner s \u003d new Scanner(f);","lastModifiedDate":"2022-09-18"},{"lineNumber":79,"author":{"gitId":"badassengineer"},"content":"            FileWriter fw \u003d new FileWriter(file, true);","lastModifiedDate":"2022-09-18"},{"lineNumber":80,"author":{"gitId":"badassengineer"},"content":"            boolean taskFound \u003d false;","lastModifiedDate":"2022-09-18"},{"lineNumber":81,"author":{"gitId":"badassengineer"},"content":"","lastModifiedDate":"2022-09-18"},{"lineNumber":82,"author":{"gitId":"badassengineer"},"content":"            while (s.hasNext()) {","lastModifiedDate":"2022-09-18"},{"lineNumber":83,"author":{"gitId":"badassengineer"},"content":"                if (s.nextLine().equals(task.toString())) {","lastModifiedDate":"2022-09-18"},{"lineNumber":84,"author":{"gitId":"badassengineer"},"content":"                    taskFound \u003d true;","lastModifiedDate":"2022-09-18"},{"lineNumber":85,"author":{"gitId":"badassengineer"},"content":"                    break;","lastModifiedDate":"2022-09-18"},{"lineNumber":86,"author":{"gitId":"badassengineer"},"content":"                }","lastModifiedDate":"2022-09-18"},{"lineNumber":87,"author":{"gitId":"badassengineer"},"content":"            }","lastModifiedDate":"2022-09-18"},{"lineNumber":88,"author":{"gitId":"badassengineer"},"content":"","lastModifiedDate":"2022-09-18"},{"lineNumber":89,"author":{"gitId":"badassengineer"},"content":"            if (!taskFound) {","lastModifiedDate":"2022-09-18"},{"lineNumber":90,"author":{"gitId":"badassengineer"},"content":"                fw.write(task + \"\\n\");","lastModifiedDate":"2022-09-18"},{"lineNumber":91,"author":{"gitId":"badassengineer"},"content":"                fw.close();","lastModifiedDate":"2022-09-18"},{"lineNumber":92,"author":{"gitId":"badassengineer"},"content":"            }","lastModifiedDate":"2022-09-18"},{"lineNumber":93,"author":{"gitId":"badassengineer"},"content":"        } catch (IOException e) {","lastModifiedDate":"2022-09-18"},{"lineNumber":94,"author":{"gitId":"badassengineer"},"content":"            throw new DukeException(\"Something went wrong: \" + e.getMessage());","lastModifiedDate":"2022-09-18"},{"lineNumber":95,"author":{"gitId":"badassengineer"},"content":"        }","lastModifiedDate":"2022-09-18"},{"lineNumber":96,"author":{"gitId":"badassengineer"},"content":"    }","lastModifiedDate":"2022-09-18"},{"lineNumber":97,"author":{"gitId":"badassengineer"},"content":"}","lastModifiedDate":"2022-09-17"}],"authorContributionMap":{"badassengineer":97}},{"path":"src/main/java/duke/task/DeadlineTask.java","fileType":"java","lines":[{"lineNumber":1,"author":{"gitId":"badassengineer"},"content":"package duke.task;","lastModifiedDate":"2022-09-04"},{"lineNumber":2,"author":{"gitId":"badassengineer"},"content":"","lastModifiedDate":"2022-08-25"},{"lineNumber":3,"author":{"gitId":"badassengineer"},"content":"/**","lastModifiedDate":"2022-09-17"},{"lineNumber":4,"author":{"gitId":"badassengineer"},"content":" * This \u003ccode\u003eDeadline\u003c/code\u003e class extends the abstract \u003ccode\u003eTodo\u003c/code\u003e class.","lastModifiedDate":"2022-09-17"},{"lineNumber":5,"author":{"gitId":"badassengineer"},"content":" * Object instantiated by this class returns task with completion day.","lastModifiedDate":"2022-09-17"},{"lineNumber":6,"author":{"gitId":"badassengineer"},"content":" */","lastModifiedDate":"2022-09-17"},{"lineNumber":7,"author":{"gitId":"badassengineer"},"content":"public class DeadlineTask extends Task {","lastModifiedDate":"2022-09-02"},{"lineNumber":8,"author":{"gitId":"badassengineer"},"content":"    public String by;","lastModifiedDate":"2022-09-17"},{"lineNumber":9,"author":{"gitId":"badassengineer"},"content":"","lastModifiedDate":"2022-08-25"},{"lineNumber":10,"author":{"gitId":"badassengineer"},"content":"    public DeadlineTask(String description, String by) {","lastModifiedDate":"2022-09-02"},{"lineNumber":11,"author":{"gitId":"badassengineer"},"content":"        super(description);","lastModifiedDate":"2022-08-25"},{"lineNumber":12,"author":{"gitId":"badassengineer"},"content":"        this.by \u003d by;","lastModifiedDate":"2022-08-25"},{"lineNumber":13,"author":{"gitId":"badassengineer"},"content":"    }","lastModifiedDate":"2022-08-25"},{"lineNumber":14,"author":{"gitId":"badassengineer"},"content":"","lastModifiedDate":"2022-08-25"},{"lineNumber":15,"author":{"gitId":"badassengineer"},"content":"    public DeadlineTask(String description, boolean status, String by) {","lastModifiedDate":"2022-09-17"},{"lineNumber":16,"author":{"gitId":"badassengineer"},"content":"        super(description, status);","lastModifiedDate":"2022-09-17"},{"lineNumber":17,"author":{"gitId":"badassengineer"},"content":"        this.by \u003d by;","lastModifiedDate":"2022-09-17"},{"lineNumber":18,"author":{"gitId":"badassengineer"},"content":"    }","lastModifiedDate":"2022-09-17"},{"lineNumber":19,"author":{"gitId":"badassengineer"},"content":"","lastModifiedDate":"2022-09-17"},{"lineNumber":20,"author":{"gitId":"badassengineer"},"content":"    @Override","lastModifiedDate":"2022-09-17"},{"lineNumber":21,"author":{"gitId":"badassengineer"},"content":"    public String getDetails() {","lastModifiedDate":"2022-09-17"},{"lineNumber":22,"author":{"gitId":"badassengineer"},"content":"        return by;","lastModifiedDate":"2022-09-17"},{"lineNumber":23,"author":{"gitId":"badassengineer"},"content":"    }","lastModifiedDate":"2022-09-17"},{"lineNumber":24,"author":{"gitId":"badassengineer"},"content":"","lastModifiedDate":"2022-09-17"},{"lineNumber":25,"author":{"gitId":"badassengineer"},"content":"    @Override","lastModifiedDate":"2022-08-25"},{"lineNumber":26,"author":{"gitId":"badassengineer"},"content":"//    public String toString() { return \"[D]\" + super.toString() + \" (by: \" + by + \")\"; }","lastModifiedDate":"2022-09-04"},{"lineNumber":27,"author":{"gitId":"badassengineer"},"content":"    public String toString() {","lastModifiedDate":"2022-08-25"},{"lineNumber":28,"author":{"gitId":"badassengineer"},"content":"        return \"[D]\" + \"[\" + getStatusIcon() + \"] \" + getDescription() + \" (by: \" + by + \")\";","lastModifiedDate":"2022-09-04"},{"lineNumber":29,"author":{"gitId":"badassengineer"},"content":"    }","lastModifiedDate":"2022-08-25"},{"lineNumber":30,"author":{"gitId":"badassengineer"},"content":"}","lastModifiedDate":"2022-08-25"}],"authorContributionMap":{"badassengineer":30}},{"path":"src/main/java/duke/task/EventTask.java","fileType":"java","lines":[{"lineNumber":1,"author":{"gitId":"badassengineer"},"content":"package duke.task;","lastModifiedDate":"2022-09-04"},{"lineNumber":2,"author":{"gitId":"badassengineer"},"content":"","lastModifiedDate":"2022-08-25"},{"lineNumber":3,"author":{"gitId":"badassengineer"},"content":"/**","lastModifiedDate":"2022-09-17"},{"lineNumber":4,"author":{"gitId":"badassengineer"},"content":" * This \u003ccode\u003eEvent\u003c/code\u003e class extends the abstract \u003ccode\u003eTodo\u003c/code\u003e class.","lastModifiedDate":"2022-09-17"},{"lineNumber":5,"author":{"gitId":"badassengineer"},"content":" * Object instantiated by this class returns task with specific date of completion.","lastModifiedDate":"2022-09-17"},{"lineNumber":6,"author":{"gitId":"badassengineer"},"content":" */","lastModifiedDate":"2022-09-17"},{"lineNumber":7,"author":{"gitId":"badassengineer"},"content":"public class EventTask extends Task {","lastModifiedDate":"2022-09-02"},{"lineNumber":8,"author":{"gitId":"badassengineer"},"content":"    protected String at;","lastModifiedDate":"2022-08-25"},{"lineNumber":9,"author":{"gitId":"badassengineer"},"content":"","lastModifiedDate":"2022-08-25"},{"lineNumber":10,"author":{"gitId":"badassengineer"},"content":"    public EventTask(String description, String at) {","lastModifiedDate":"2022-09-02"},{"lineNumber":11,"author":{"gitId":"badassengineer"},"content":"        super(description);","lastModifiedDate":"2022-08-25"},{"lineNumber":12,"author":{"gitId":"badassengineer"},"content":"        this.at \u003d at;","lastModifiedDate":"2022-08-25"},{"lineNumber":13,"author":{"gitId":"badassengineer"},"content":"    }","lastModifiedDate":"2022-08-25"},{"lineNumber":14,"author":{"gitId":"badassengineer"},"content":"","lastModifiedDate":"2022-08-25"},{"lineNumber":15,"author":{"gitId":"badassengineer"},"content":"    public EventTask(String description, boolean status, String at) {","lastModifiedDate":"2022-09-17"},{"lineNumber":16,"author":{"gitId":"badassengineer"},"content":"        super(description, status);","lastModifiedDate":"2022-09-17"},{"lineNumber":17,"author":{"gitId":"badassengineer"},"content":"        this.at \u003d at;","lastModifiedDate":"2022-09-17"},{"lineNumber":18,"author":{"gitId":"badassengineer"},"content":"    }","lastModifiedDate":"2022-09-17"},{"lineNumber":19,"author":{"gitId":"badassengineer"},"content":"","lastModifiedDate":"2022-09-17"},{"lineNumber":20,"author":{"gitId":"badassengineer"},"content":"    @Override","lastModifiedDate":"2022-09-17"},{"lineNumber":21,"author":{"gitId":"badassengineer"},"content":"    public String getDetails() {","lastModifiedDate":"2022-09-17"},{"lineNumber":22,"author":{"gitId":"badassengineer"},"content":"        return at;","lastModifiedDate":"2022-09-17"},{"lineNumber":23,"author":{"gitId":"badassengineer"},"content":"    }","lastModifiedDate":"2022-09-17"},{"lineNumber":24,"author":{"gitId":"badassengineer"},"content":"","lastModifiedDate":"2022-09-17"},{"lineNumber":25,"author":{"gitId":"badassengineer"},"content":"    @Override","lastModifiedDate":"2022-08-25"},{"lineNumber":26,"author":{"gitId":"badassengineer"},"content":"//    public String toString() { return \"[E]\" + super.toString() + \" (at: \" + at + \")\"; }","lastModifiedDate":"2022-09-04"},{"lineNumber":27,"author":{"gitId":"badassengineer"},"content":"    public String toString() {","lastModifiedDate":"2022-08-25"},{"lineNumber":28,"author":{"gitId":"badassengineer"},"content":"        return \"[E]\" + \"[\" + getStatusIcon() + \"] \" + getDescription() + \" (at: \" + at + \")\";","lastModifiedDate":"2022-09-04"},{"lineNumber":29,"author":{"gitId":"badassengineer"},"content":"    }","lastModifiedDate":"2022-08-25"},{"lineNumber":30,"author":{"gitId":"badassengineer"},"content":"}","lastModifiedDate":"2022-08-25"}],"authorContributionMap":{"badassengineer":30}},{"path":"src/main/java/duke/task/Task.java","fileType":"java","lines":[{"lineNumber":1,"author":{"gitId":"badassengineer"},"content":"package duke.task;","lastModifiedDate":"2022-09-04"},{"lineNumber":2,"author":{"gitId":"badassengineer"},"content":"","lastModifiedDate":"2022-08-20"},{"lineNumber":3,"author":{"gitId":"badassengineer"},"content":"/**","lastModifiedDate":"2022-09-17"},{"lineNumber":4,"author":{"gitId":"badassengineer"},"content":" * This is the abstract class of different tasks. A \u003ccode\u003eTask\u003c/code\u003e object may be","lastModifiedDate":"2022-09-17"},{"lineNumber":5,"author":{"gitId":"badassengineer"},"content":" * be substituted by \u003ccode\u003eTodo\u003c/code\u003e, \u003ccode\u003eDeadline\u003c/code\u003e or \u003ccode\u003eEvent\u003c/code\u003e class.","lastModifiedDate":"2022-09-17"},{"lineNumber":6,"author":{"gitId":"badassengineer"},"content":" */","lastModifiedDate":"2022-09-17"},{"lineNumber":7,"author":{"gitId":"badassengineer"},"content":"public abstract class Task {","lastModifiedDate":"2022-09-04"},{"lineNumber":8,"author":{"gitId":"badassengineer"},"content":"    protected String description;","lastModifiedDate":"2022-08-20"},{"lineNumber":9,"author":{"gitId":"badassengineer"},"content":"    protected boolean isDone;","lastModifiedDate":"2022-08-20"},{"lineNumber":10,"author":{"gitId":"badassengineer"},"content":"    protected static int totalTask;","lastModifiedDate":"2022-08-25"},{"lineNumber":11,"author":{"gitId":"badassengineer"},"content":"","lastModifiedDate":"2022-08-20"},{"lineNumber":12,"author":{"gitId":"badassengineer"},"content":"    public Task(String description) {","lastModifiedDate":"2022-08-20"},{"lineNumber":13,"author":{"gitId":"badassengineer"},"content":"        this.description \u003d description;","lastModifiedDate":"2022-08-20"},{"lineNumber":14,"author":{"gitId":"badassengineer"},"content":"        this.isDone \u003d false;","lastModifiedDate":"2022-08-20"},{"lineNumber":15,"author":{"gitId":"badassengineer"},"content":"        this.totalTask++;","lastModifiedDate":"2022-08-25"},{"lineNumber":16,"author":{"gitId":"badassengineer"},"content":"    }","lastModifiedDate":"2022-08-20"},{"lineNumber":17,"author":{"gitId":"badassengineer"},"content":"","lastModifiedDate":"2022-08-19"},{"lineNumber":18,"author":{"gitId":"badassengineer"},"content":"    public Task(String description, boolean status) {","lastModifiedDate":"2022-09-17"},{"lineNumber":19,"author":{"gitId":"badassengineer"},"content":"        this.description \u003d description;","lastModifiedDate":"2022-09-17"},{"lineNumber":20,"author":{"gitId":"badassengineer"},"content":"        this.isDone \u003d status;","lastModifiedDate":"2022-09-17"},{"lineNumber":21,"author":{"gitId":"badassengineer"},"content":"        this.totalTask++;","lastModifiedDate":"2022-09-17"},{"lineNumber":22,"author":{"gitId":"badassengineer"},"content":"    }","lastModifiedDate":"2022-09-17"},{"lineNumber":23,"author":{"gitId":"badassengineer"},"content":"","lastModifiedDate":"2022-09-17"},{"lineNumber":24,"author":{"gitId":"badassengineer"},"content":"    public String getStatusIcon() {","lastModifiedDate":"2022-08-20"},{"lineNumber":25,"author":{"gitId":"badassengineer"},"content":"        return (isDone ? \"X\" : \" \"); // mark done task with X","lastModifiedDate":"2022-08-20"},{"lineNumber":26,"author":{"gitId":"badassengineer"},"content":"    }","lastModifiedDate":"2022-08-19"},{"lineNumber":27,"author":{"gitId":"badassengineer"},"content":"","lastModifiedDate":"2022-08-20"},{"lineNumber":28,"author":{"gitId":"badassengineer"},"content":"    public void setStatusIcon(String instruction) {","lastModifiedDate":"2022-08-20"},{"lineNumber":29,"author":{"gitId":"badassengineer"},"content":"        if (instruction \u003d\u003d \"mark\") {","lastModifiedDate":"2022-08-20"},{"lineNumber":30,"author":{"gitId":"badassengineer"},"content":"            isDone \u003d true;","lastModifiedDate":"2022-08-20"},{"lineNumber":31,"author":{"gitId":"badassengineer"},"content":"        }","lastModifiedDate":"2022-08-20"},{"lineNumber":32,"author":{"gitId":"badassengineer"},"content":"        if (instruction \u003d\u003d \"unmark\") {","lastModifiedDate":"2022-08-20"},{"lineNumber":33,"author":{"gitId":"badassengineer"},"content":"            isDone \u003d false;","lastModifiedDate":"2022-08-20"},{"lineNumber":34,"author":{"gitId":"badassengineer"},"content":"        }","lastModifiedDate":"2022-08-19"},{"lineNumber":35,"author":{"gitId":"badassengineer"},"content":"    }","lastModifiedDate":"2022-08-19"},{"lineNumber":36,"author":{"gitId":"badassengineer"},"content":"","lastModifiedDate":"2022-08-20"},{"lineNumber":37,"author":{"gitId":"badassengineer"},"content":"    public String getDescription() {","lastModifiedDate":"2022-08-20"},{"lineNumber":38,"author":{"gitId":"badassengineer"},"content":"        return description;","lastModifiedDate":"2022-08-20"},{"lineNumber":39,"author":{"gitId":"badassengineer"},"content":"    }","lastModifiedDate":"2022-08-19"},{"lineNumber":40,"author":{"gitId":"badassengineer"},"content":"","lastModifiedDate":"2022-08-25"},{"lineNumber":41,"author":{"gitId":"badassengineer"},"content":"    public String getDetails() {return \"\";};","lastModifiedDate":"2022-09-17"},{"lineNumber":42,"author":{"gitId":"badassengineer"},"content":"","lastModifiedDate":"2022-09-17"},{"lineNumber":43,"author":{"gitId":"badassengineer"},"content":"    public static int getTotalTask() {","lastModifiedDate":"2022-08-25"},{"lineNumber":44,"author":{"gitId":"badassengineer"},"content":"        return totalTask;","lastModifiedDate":"2022-08-25"},{"lineNumber":45,"author":{"gitId":"badassengineer"},"content":"    }","lastModifiedDate":"2022-08-25"},{"lineNumber":46,"author":{"gitId":"badassengineer"},"content":"","lastModifiedDate":"2022-08-25"},{"lineNumber":47,"author":{"gitId":"badassengineer"},"content":"    public static void setTotalTask() {","lastModifiedDate":"2022-09-18"},{"lineNumber":48,"author":{"gitId":"badassengineer"},"content":"        totalTask--;","lastModifiedDate":"2022-09-18"},{"lineNumber":49,"author":{"gitId":"badassengineer"},"content":"    }","lastModifiedDate":"2022-09-18"},{"lineNumber":50,"author":{"gitId":"badassengineer"},"content":"","lastModifiedDate":"2022-09-18"},{"lineNumber":51,"author":{"gitId":"badassengineer"},"content":"    @Override","lastModifiedDate":"2022-08-25"},{"lineNumber":52,"author":{"gitId":"badassengineer"},"content":"    public abstract String toString();","lastModifiedDate":"2022-09-04"},{"lineNumber":53,"author":{"gitId":"badassengineer"},"content":"}","lastModifiedDate":"2022-08-19"}],"authorContributionMap":{"badassengineer":53}},{"path":"src/main/java/duke/task/TodoTask.java","fileType":"java","lines":[{"lineNumber":1,"author":{"gitId":"badassengineer"},"content":"package duke.task;","lastModifiedDate":"2022-09-04"},{"lineNumber":2,"author":{"gitId":"badassengineer"},"content":"","lastModifiedDate":"2022-08-25"},{"lineNumber":3,"author":{"gitId":"badassengineer"},"content":"/**","lastModifiedDate":"2022-09-17"},{"lineNumber":4,"author":{"gitId":"badassengineer"},"content":" * This \u003ccode\u003eTodo\u003c/code\u003e class extends the abstract \u003ccode\u003eTodo\u003c/code\u003e class.","lastModifiedDate":"2022-09-17"},{"lineNumber":5,"author":{"gitId":"badassengineer"},"content":" * Object instantiated by this class returns task that does not require specific date of completion.","lastModifiedDate":"2022-09-17"},{"lineNumber":6,"author":{"gitId":"badassengineer"},"content":" */","lastModifiedDate":"2022-09-17"},{"lineNumber":7,"author":{"gitId":"badassengineer"},"content":"public class TodoTask extends Task {","lastModifiedDate":"2022-09-02"},{"lineNumber":8,"author":{"gitId":"badassengineer"},"content":"    public TodoTask(String description) {","lastModifiedDate":"2022-09-02"},{"lineNumber":9,"author":{"gitId":"badassengineer"},"content":"        super(description);","lastModifiedDate":"2022-08-25"},{"lineNumber":10,"author":{"gitId":"badassengineer"},"content":"    }","lastModifiedDate":"2022-08-25"},{"lineNumber":11,"author":{"gitId":"badassengineer"},"content":"","lastModifiedDate":"2022-08-25"},{"lineNumber":12,"author":{"gitId":"badassengineer"},"content":"    public TodoTask(String description, boolean status) {super(description, status);}","lastModifiedDate":"2022-09-17"},{"lineNumber":13,"author":{"gitId":"badassengineer"},"content":"","lastModifiedDate":"2022-09-17"},{"lineNumber":14,"author":{"gitId":"badassengineer"},"content":"    @Override","lastModifiedDate":"2022-08-25"},{"lineNumber":15,"author":{"gitId":"badassengineer"},"content":"//    public String toString() { return \"[T]\" + super.toString(); }","lastModifiedDate":"2022-09-04"},{"lineNumber":16,"author":{"gitId":"badassengineer"},"content":"    public String toString() { return \"[T]\" + \"[\" + getStatusIcon() + \"] \" + getDescription(); }","lastModifiedDate":"2022-09-04"},{"lineNumber":17,"author":{"gitId":"badassengineer"},"content":"}","lastModifiedDate":"2022-08-25"}],"authorContributionMap":{"badassengineer":17}},{"path":"src/main/java/duke/ui/UI.java","fileType":"java","lines":[{"lineNumber":1,"author":{"gitId":"badassengineer"},"content":"package duke.ui;","lastModifiedDate":"2022-09-18"},{"lineNumber":2,"author":{"gitId":"badassengineer"},"content":"import java.util.Scanner;","lastModifiedDate":"2022-09-18"},{"lineNumber":3,"author":{"gitId":"badassengineer"},"content":"","lastModifiedDate":"2022-09-18"},{"lineNumber":4,"author":{"gitId":"badassengineer"},"content":"public class UI {","lastModifiedDate":"2022-09-18"},{"lineNumber":5,"author":{"gitId":"badassengineer"},"content":"    public void showWelcome() {","lastModifiedDate":"2022-09-18"},{"lineNumber":6,"author":{"gitId":"badassengineer"},"content":"        String logo \u003d \" ____        _        \\n\"","lastModifiedDate":"2022-09-18"},{"lineNumber":7,"author":{"gitId":"badassengineer"},"content":"                + \"|  _ \\\\ _   _| | _____ \\n\"","lastModifiedDate":"2022-09-18"},{"lineNumber":8,"author":{"gitId":"badassengineer"},"content":"                + \"| | | | | | | |/ / _ \\\\\\n\"","lastModifiedDate":"2022-09-18"},{"lineNumber":9,"author":{"gitId":"badassengineer"},"content":"                + \"| |_| | |_| |   \u003c  __/\\n\"","lastModifiedDate":"2022-09-18"},{"lineNumber":10,"author":{"gitId":"badassengineer"},"content":"                + \"|____/ \\\\__,_|_|\\\\_\\\\___|\\n\";","lastModifiedDate":"2022-09-18"},{"lineNumber":11,"author":{"gitId":"badassengineer"},"content":"        System.out.println(\"Hello from\\n\" + logo);","lastModifiedDate":"2022-09-18"},{"lineNumber":12,"author":{"gitId":"badassengineer"},"content":"        System.out.println();","lastModifiedDate":"2022-09-18"},{"lineNumber":13,"author":{"gitId":"badassengineer"},"content":"//        System.out.println(\"Hello! I\u0027m Duke\\n\" + \"What can I do for you?\\n\");","lastModifiedDate":"2022-09-18"},{"lineNumber":14,"author":{"gitId":"badassengineer"},"content":"    }","lastModifiedDate":"2022-09-18"},{"lineNumber":15,"author":{"gitId":"badassengineer"},"content":"","lastModifiedDate":"2022-09-18"},{"lineNumber":16,"author":{"gitId":"badassengineer"},"content":"    public String readUserInput() {","lastModifiedDate":"2022-09-18"},{"lineNumber":17,"author":{"gitId":"badassengineer"},"content":"        Scanner in \u003d new Scanner(System.in);","lastModifiedDate":"2022-09-18"},{"lineNumber":18,"author":{"gitId":"badassengineer"},"content":"","lastModifiedDate":"2022-09-18"},{"lineNumber":19,"author":{"gitId":"badassengineer"},"content":"        return in.nextLine();","lastModifiedDate":"2022-09-18"},{"lineNumber":20,"author":{"gitId":"badassengineer"},"content":"    }","lastModifiedDate":"2022-09-18"},{"lineNumber":21,"author":{"gitId":"badassengineer"},"content":"","lastModifiedDate":"2022-09-18"},{"lineNumber":22,"author":{"gitId":"badassengineer"},"content":"    public void showLine() {","lastModifiedDate":"2022-09-18"},{"lineNumber":23,"author":{"gitId":"badassengineer"},"content":"        System.out.println(\"__________________________________________________\");","lastModifiedDate":"2022-09-18"},{"lineNumber":24,"author":{"gitId":"badassengineer"},"content":"    }","lastModifiedDate":"2022-09-18"},{"lineNumber":25,"author":{"gitId":"badassengineer"},"content":"}","lastModifiedDate":"2022-09-18"}],"authorContributionMap":{"badassengineer":25}}]
