{"authorDailyContributionsMap":{"badassengineer":[{"date":"2022-08-19","commitResults":[{"hash":"a0cd5b791ba74609cf12c5570dd1a4e28cd524c1","messageTitle":"Level 0. Greet","messageBody":"","tags":["Level-0"],"fileTypesAndContributionMap":{"java":{"insertions":6,"deletions":0}}},{"hash":"a852b90896b431f69699b9e2f6a5a866582046bb","messageTitle":"Level 1. Greet, Echo, Exit","messageBody":"","tags":["Level-1"],"fileTypesAndContributionMap":{"java":{"insertions":15,"deletions":1}}},{"hash":"b0643001d099d8b7ec611df8ca87fd3e77f69804","messageTitle":"Level 2. Add, List","messageBody":"","tags":["Level-2"],"fileTypesAndContributionMap":{"java":{"insertions":28,"deletions":4}}}]},{"date":"2022-08-20","commitResults":[{"hash":"baadab8ccc0921daa50d8abc42f70f9d925e3bc9","messageTitle":"Level 3. Mark as Done","messageBody":"","tags":["Level-3"],"fileTypesAndContributionMap":{"java":{"insertions":61,"deletions":15}}}]},{"date":"2022-08-25","commitResults":[{"hash":"02844f6a4bd55fb608185317d2f78da34c3c1c82","messageTitle":"Level-4: ToDo, Event, Deadline","messageBody":"","tags":["Level-4"],"fileTypesAndContributionMap":{"java":{"insertions":100,"deletions":23}}}]},{"date":"2022-09-02","commitResults":[{"hash":"acf18618a98c607aa77bc280dda1db4ad031ad63","messageTitle":"A-CodingStandard","messageBody":"","tags":["A-CodingStandard"],"fileTypesAndContributionMap":{"java":{"insertions":9,"deletions":9}}}]}]},"authorFileTypeContributionMap":{"badassengineer":{"java":166,"md":0,"fxml":0,"sh":0,"bat":0,"gradle":0,"txt":0}},"authorContributionVariance":{"badassengineer":945.76263},"authorDisplayNameMap":{"badassengineer":"TIC4001-F18-1 RABA..RROT"}}
